Series Name,Series Code,Country Name,Country Code,1989 [YR1989],1990 [YR1990],1991 [YR1991],1992 [YR1992],1993 [YR1993],1994 [YR1994],1995 [YR1995],1996 [YR1996],1997 [YR1997],1998 [YR1998],1999 [YR1999],2000 [YR2000],2001 [YR2001],2002 [YR2002],2003 [YR2003],2004 [YR2004],2005 [YR2005],2006 [YR2006],2007 [YR2007],2008 [YR2008],2009 [YR2009],2010 [YR2010],2011 [YR2011],2012 [YR2012],2013 [YR2013],2014 [YR2014],2015 [YR2015],2016 [YR2016],2017 [YR2017],2018 [YR2018],2019 [YR2019],2020 [YR2020],2021 [YR2021],2022 [YR2022],2023 [YR2023]
"Tariff rate, applied, weighted mean, all products (%)",TM.TAX.MRCH.WM.AR.ZS,Canada,CAN,7.02,..,..,..,3.59,..,6.69,5.43,1.99,1.44,1.01,1.31,1.6,1.49,2.46,1.51,1.46,1.45,1.54,1.54,1.7,1.46,1.38,1.4,1.45,1.43,1.65,1.56,1.52,1.47,1.51,1.49,2.35,1.37,..
"Tariff rate, applied, weighted mean, all products (%)",TM.TAX.MRCH.WM.AR.ZS,Brazil,BRA,31.92,18.95,16.54,15.71,13.02,13.26,10.97,14.83,14,15.94,12.31,12.69,10.47,10.01,9.53,7.67,7.17,6.7,6.77,6.74,7.59,7.76,7.84,7.76,10.08,7.79,8.27,8.01,8.59,7.95,7.97,8.41,7.76,7.26,..
"Tariff rate, applied, weighted mean, all products (%)",TM.TAX.MRCH.WM.AR.ZS,China,CHN,..,..,..,32.17,30.29,27.93,..,19.76,15.82,15.5,14.46,14.67,14.11,7.72,6.48,5.96,4.87,4.25,5.07,4.47,3.94,4.65,5.99,..,..,4.74,4.52,3.54,3.83,3.39,2.53,2.47,2.31,2.18,..
"Tariff rate, applied, weighted mean, all products (%)",TM.TAX.MRCH.WM.AR.ZS,France,FRA,..,..,..,..,..,..,..,..,..,..,..,2.41,3.37,2.45,2.52,2.24,2.46,2.3,2.24,1.72,1.85,2.13,1.59,1.46,1.49,2.03,2.02,2.09,1.96,1.83,1.84,1.48,1.39,1.33,..
"Tariff rate, applied, weighted mean, all products (%)",TM.TAX.MRCH.WM.AR.ZS,Germany,DEU,..,..,..,..,..,..,..,..,..,..,..,2.41,3.37,2.45,2.52,2.24,2.46,2.3,2.24,1.72,1.85,2.13,1.59,1.46,1.49,2.03,2.02,2.09,1.96,1.83,1.84,1.48,1.39,1.33,..
"Tariff rate, applied, weighted mean, all products (%)",TM.TAX.MRCH.WM.AR.ZS,India,IND,..,56.36,..,27.01,..,..,..,23.72,20.13,..,28.51,23.36,26.51,23.08,21.45,22.96,13.9,8.99,11.99,5.98,6.84,6.1,7.33,6.32,6.34,..,7.32,6.35,5.78,4.88,6.59,6.19,5.87,4.59,..
"Tariff rate, applied, weighted mean, all products (%)",TM.TAX.MRCH.WM.AR.ZS,Israel,ISR,..,..,..,..,3.79,..,..,..,..,..,5.64,3.83,3.66,3.47,3.28,1.22,1.33,2.42,1.37,1.54,3.49,..,2.94,1.35,1.42,1.46,2.83,2.81,1.85,..,..,..,2.88,2.62,..
"Tariff rate, applied, weighted mean, all products (%)",TM.TAX.MRCH.WM.AR.ZS,Italy,ITA,..,..,..,..,..,..,..,..,..,..,..,2.41,3.37,2.45,2.52,2.24,2.46,2.3,2.24,1.72,1.85,2.13,1.59,1.46,1.49,2.03,2.02,2.09,1.96,1.83,1.84,1.48,1.39,1.33,..
"Tariff rate, applied, weighted mean, all products (%)",TM.TAX.MRCH.WM.AR.ZS,Japan,JPN,4.07,3.61,4.04,4.24,4.36,4.3,5.22,5.59,4.33,4.17,4.42,4.49,5.75,5.52,5.23,4,3.58,2.82,2.74,2.49,2.91,2.2,2.37,2.27,1.18,2.29,2.3,2.55,2.51,2.45,3.53,2.22,1.84,1.64,..
"Tariff rate, applied, weighted mean, all products (%)",TM.TAX.MRCH.WM.AR.ZS,Turkiye,TUR,..,..,..,..,6.1,..,6.74,3.19,5.65,3.2,5.34,2.38,1.95,1.84,1.92,2.18,1.5,1.47,2.06,1.97,2.21,2.35,2.65,..,2.78,..,3.19,2.74,3.45,2.5,3.13,2.85,3.22,4.31,..
"Tariff rate, applied, weighted mean, all products (%)",TM.TAX.MRCH.WM.AR.ZS,United Arab Emirates,ARE,..,..,..,..,..,..,..,..,..,..,..,..,..,..,..,..,4.2,..,3.69,3.62,3.62,..,3.87,3.53,3.61,3.21,2.99,2.82,4.75,4.4,3.94,3.28,2.63,..,..
"Tariff rate, applied, weighted mean, all products (%)",TM.TAX.MRCH.WM.AR.ZS,United Kingdom,GBR,..,..,..,..,..,..,..,..,..,..,..,2.41,3.37,2.45,2.52,2.24,2.46,2.3,2.24,1.72,1.85,2.13,1.59,1.46,1.49,2.03,2.02,2.09,1.96,1.83,1.84,1.28,0.72,1,..
"Tariff rate, applied, weighted mean, all products (%)",TM.TAX.MRCH.WM.AR.ZS,United States,USA,3.91,3.92,3.95,3.95,3.75,..,2.94,2.86,2.6,3.09,2.31,2.1,2.11,2.16,1.96,1.79,1.75,1.7,1.55,1.58,1.71,1.66,1.67,1.67,1.67,1.69,1.69,1.65,1.66,1.59,13.78,1.52,1.47,1.49,..
"Tariff rate, applied, weighted mean, all products (%)",TM.TAX.MRCH.WM.AR.ZS,"Korea, Rep.",KOR,10.61,9.54,..,8.53,..,..,6.84,15.02,13.45,13.61,5.9,9.55,10.41,9.98,9.7,9.25,7.95,7.43,7.13,8.26,7.8,7.19,7.32,7.59,7.85,6.1,5.72,8.67,5.05,4.83,..,5.48,4.85,5.66,..
Exports of goods and services (current US$),NE.EXP.GNFS.CD,Canada,CAN,142065878378.378,149461775797.052,149170812603.648,155724331926.864,168751259592.28,190114967779.731,218740163217.721,233945727906.124,249765997399.971,253784967981.126,283991384532.544,329258635782.102,310667613636.364,304705919836.87,330149882235.386,383240584166.026,432369202838.752,467052186177.715,502770691741.923,534150890346.767,391985828011.548,471736717163.276,550163771962.44,554964544782.69,560108797442.998,573083180253.852,495747450357.728,481357649980.237,518766780219.71,557719627178.031,564142104614.779,487990676642.934,626659601646.079,731555074343.765,714927640904.957
Exports of goods and services (current US$),NE.EXP.GNFS.CD,Brazil,BRA,36878468232.3992,38116256002.0798,29723863636.3636,35668919610.8551,38682712856.2845,49978798948.0716,57922124038.4584,57235482141.0805,61680024619.8487,60723187855.068,57355149556.2405,66777380518.3383,69279555096.2874,72546876638.2809,84744257516.308,110739032053.055,135919140236.363,159213742531.583,186202879575.236,229517035697.556,180891970353.521,240003137741.747,303016626325.823,292808395453.514,290364173324.942,270458130850.098,232488824444.589,223863343103.297,258330777006.501,280543266303.121,264562979421.068,242872071018.291,319251201403.084,383177602116.201,393656923982.556
Exports of goods and services (current US$),NE.EXP.GNFS.CD,China,CHN,41190793490.081,49129758920.0765,55542659163.7631,66847400125.5887,74280328749.7039,104607445192.414,131858826005.216,154811877005.235,187447040001.004,188750394180.041,198699399631.565,253092089742.301,272060010513.385,333002310921.755,447958253780.912,607356934122.253,773339005398.498,991731387765.228,1258056795935.92,1497868782937.13,1262664161017.28,1654823329663.86,2006308960976.47,2175069254663.85,2354264539609.2,2462825804851.16,2362097053274.6,2199974853570.14,2424216052098.35,2655609176087.45,2628941104657.6,2729884575163.89,3554107780957.44,3717887818646.97,3513236885527.07
Exports of goods and services (current US$),NE.EXP.GNFS.CD,France,FRA,231757351429.159,276540778219.492,282187071270.782,311915489467.162,286749942089.414,315281781663.516,377901958207.386,385700089755.097,385977860193.302,407948410051.145,404544866221.468,404994866619.609,403310126488.544,428784967658.903,497989403585.685,580996794039.114,617386391343.813,670507475708.117,766429838941.689,854598937578.437,698805241356.796,736352883613.335,847885600684.827,814445012227.5,861474336499.179,879595852391.448,774108364253.242,778134181664.243,836510836277.649,915638789626.901,895514790269.018,756174143647.162,928139254791.07,1020752900059.15,1046168809647.27
Exports of goods and services (current US$),NE.EXP.GNFS.CD,Germany,DEU,311798995110.787,404361405398.862,442049499116.087,473020663744.521,413275760085.177,456474629384.115,557027432782.858,558519625682.35,548072411459.508,576778926308.77,576268522696.14,583812721397.648,600934274699.607,655732684858.04,792550922245.881,967940099859.462,1040265986689.49,1187129764083.53,1415809341318.83,1559414079161.72,1233301486982.42,1369340699300,1592275709231.52,1535179851348.05,1586778324179.22,1653100023449.01,1458592274325,1472560807845.53,1592765732735.3,1726455112200,1677314255411.76,1543321676059.15,1854878618151.13,1906115968542.81,1964261782880.43
Exports of goods and services (current US$),NE.EXP.GNFS.CD,India,IND,20770696112.0947,22639774911.5525,22943398073.2995,25486029046.6975,27466541462.9135,32361214431.4321,39068855117.8518,40803004618.1754,44459225642.5392,46426465025.0477,52544483402.6936,60878472821.2004,60963415576.6447,73452895951.6331,90838575243.7621,126648472020.752,160838260680.778,199973922363.783,253077526013.168,288902044820.698,273752124889.211,375353514026.267,447384417625.093,448400477361.254,472180271340.149,468345815420.933,416787940847.812,439642578076.358,498258808231.521,538635186135.438,529245063167.215,499728529072.629,677769255428.552,778021514754.531,779446235323.272
Exports of goods and services (current US$),NE.EXP.GNFS.CD,Israel,ISR,15661068148.612,17525346195.8139,17215433285.0687,19671315928.5918,21079128299.3534,23957081465.2453,27574137415.7341,29756556067.2996,31993100249.3187,33142548880.2926,38230064980.5541,47074289358.1537,40929690657.9166,39834100215.2898,43972025208.0543,52999107541.2762,58115070080.4421,62886350374.7924,72464156179.2556,83292363433.6678,68979223355.2883,81421780033.2979,92735049966.8021,92621172360.8391,98956775008.0201,100187958104.208,94578019810.4713,96485761649.7565,104759044542.617,112528745036.335,116915080030.522,113709427891.53,143613473131.709,166574782134.669,157185765196.416
Exports of goods and services (current US$),NE.EXP.GNFS.CD,Italy,ITA,171957047699.69,215684612152.553,212306182300.609,230753561665.357,217241821090.193,240410654418.828,289818376322.358,311106412347.848,299911323328.786,305612021857.923,290576914388.958,293867190140.393,299586464835.355,311627059267.452,367620453604.666,433747867067.607,457141717037.821,510265819331.293,605527905412.943,646508511780.156,492210347985.156,534489188500.001,612801201125.488,587109493950.117,606723898231.296,622037943985.684,537833599948.242,543464412394.32,593973032350.354,646909638534.745,625065757185.881,547940256804.982,679294123497.663,738509433518.875,776101317710.602
Exports of goods and services (current US$),NE.EXP.GNFS.CD,Japan,JPN,308916648062.834,320186473746.914,350804377213.606,378894650114.132,404418972317.798,441885061609.779,488922980748.377,458650604757.715,466482189982.883,425156200703.868,454583045085.983,519863963884.546,440830946383.947,454066577343.924,518203970379.571,625646760881.018,667510447457.861,720499607478.291,791798969881.999,880163893981.685,656932075524.126,859167320527.627,920913976671.968,904146988796.653,822722049495.078,852990577902.813,775051882733.212,803489014102.661,867405253150.188,923234601723.625,893782209080.495,785057625362.297,912549013982.719,916904220798.187,917023213163.202
Exports of goods and services (current US$),NE.EXP.GNFS.CD,Turkiye,TUR,17357728557.9642,20135262552.7022,20904913710.4506,22898733993.0151,24669695038.6891,27909720017.5622,33680386083.5424,39092257232.3567,46675372205.5773,57026806124.4841,48230414558.3751,54533059615.9106,54840416844.8125,60314815429.1394,72376416980.6481,96593448854.7123,110762762330.277,124756280465.651,149137962562.868,181566284088.936,151740208198.921,164671478238.998,192867783671.8,214511123156.39,227889235663.169,236663554457.717,212027217924.647,200753327384.372,223675641540.481,243293992258.257,251696740784.294,209768260359.943,293050134140.709,350004410847.635,356899778676.606
Exports of goods and services (current US$),NE.EXP.GNFS.CD,United Arab Emirates,ARE,..,..,..,..,..,..,..,..,..,..,..,..,50787202178.3526,54362695711.3683,69538461538.4615,93968596324.03,122070878148.4,152433690946.222,186690265486.726,248808168822.328,201958883594.282,238328114363.513,315867937372.362,375513955071.477,392244520081.688,402728114363.513,358529611980.939,360626276378.489,382137508509.19,400217835262.083,404863172226.004,350277358747.447,425155888359.428,521897345132.743,558401542999.774
Exports of goods and services (current US$),NE.EXP.GNFS.CD,United Kingdom,GBR,209783465314.136,254944208096.591,258132019400.353,270326024921.025,263472140071.986,297312578818.488,346553574246.489,374235569422.777,402231499672.561,403991387876.78,410232972011.001,427373278862.158,421484093853.462,437688848920.863,494222040816.326,582916514097.4,642700000000,745149954001.84,788437374949.98,805762867647.059,648608817572.831,717229317011.397,836104561850.802,828872120452.116,843516106640.604,875777609747.207,815304691846.949,777214710110.264,827907141571.723,906772479283.289,902036391533.849,800128639354.783,917230303664.112,1045296692285.1,1070469051019.27
Exports of goods and services (current US$),NE.EXP.GNFS.CD,United States,USA,504289000000,551873000000,594931000000,633053000000,654799000000,720937000000,812810000000,867589000000,953803000000,952979000000,992910000000,1096111000000,1026812000000,997979000000,1035165000000,1176363000000,1301580000000,1470170000000,1659295000000,1835280000000,1582774000000,1857247000000,2115864000000,2217700000000,2287922000000,2378545000000,2270622000000,2235558000000,2388260000000,2538089000000,2539391000000,2151139000000,2555430000000,3017379000000,3052469000000
Exports of goods and services (current US$),NE.EXP.GNFS.CD,"Korea, Rep.",KOR,67556196550.8378,70825424625.8853,78616541304.1709,85583336364.9919,92953674158.8208,111597197969.048,145748724868.344,151333458387.205,161499993903.011,151556684650.83,162143920084.568,195550495929.334,174087560087.393,186748689121.303,220637266658.957,291526414644.93,329861919056.686,375223465252.325,438465966315.25,498972049006.635,426523458607.755,538712363592.342,668476213447.114,691347149426.783,703026030096.371,710051954712.967,630243710500.662,601861268514.151,664392545080.428,719710064860.371,648610576582.722,597865413028.15,761508986786.767,808029031833.027,753554689669.038
"Foreign direct investment, net (BoP, current US$)",BN.KLT.DINV.CD,Canada,CAN,-756426909.082676,-2351322579.60475,2962324151.88571,-1229978110.06882,962554678.562879,1079642881.10374,2170895576.05244,3471751714.69391,11546289244.7879,11369485481.8881,-7526468527.15749,-21653038993.6265,8440763882.98875,4749229277.95075,16417567996.3288,43370579702.622,1727389338.84794,-13950022417.3474,-55310207533.9084,18568974469.1936,16787996095.9599,6626667134.17278,11756393310.4902,12879466785.8116,-12563236012.7314,805191688.44975,23927632715.3373,33404095512.7527,52829985894.7131,20156533320.4923,26965431145.1468,18306166114.2054,44529088999.5606,37342988263.1283,35229170707.4981
"Foreign direct investment, net (BoP, current US$)",BN.KLT.DINV.CD,Brazil,BRA,-608000000,-324000000,-89000000,-1924000000,-801000000,-2035000000,-3475000000,-11667000000,-17877370310.6468,-26001596916.42,-26888017614.9902,-30497652699.75,-24714939372.251,-14108096193.1141,-9894224670.99009,-8338896459.75335,-12549590734.979,9380283047.0622,-27518241273.2648,-24601090273.6125,-36032805800,-55626921872.6,-86360111204.54,-90485123670.43,-59567525424.58,-67107129352.1,-61604176364.71,-59601145882.35,-47544978339.99,-76159270430.66,-46354807251.49,-41737369809.01,-30201173400.34,-41251769571.23,-39079031684.51
"Foreign direct investment, net (BoP, current US$)",BN.KLT.DINV.CD,China,CHN,-2613000000,-2657000000,-3453000000,-7156000000,-23115000000,-31787000000,-33849200000,-38066000000,-41674000000,-41117000000,-36978000000,-37483300000,-37357000000,-46789569178.7806,-49444853743.8231,-60144670467.5079,-90379127564.2216,-100149837150.968,-139094535501.613,-114792373681.872,-87167067369.5,-185749835191.821,-231651578090.287,-176250481637.42,-217957551783.694,-144967626758.575,-68098649764.7788,41674876169.524,-27790987919.5091,-92338473352.4803,-50259822364.755,-99374807720.47,-165277237079.6,19846371666.52,142573770573.99
"Foreign direct investment, net (BoP, current US$)",BN.KLT.DINV.CD,France,FRA,9193689820.03884,21640172226.7156,8778998288.97929,9429508955.84586,-149530697.079622,8641023244.7181,-7915340633.12256,8389214529.86985,12439587260.4557,16182755399.4058,79455181689.7442,132207098895.585,37230890648.6579,1451944337.96749,10242909367.5663,25513610482.5624,33660365152.6492,51482577203.1678,48449400448.7044,68001785591.4721,70295520050.0789,33671093773.6308,20277561650.9937,19070158223.0146,-1085074995.30347,56550380550.4435,36130892033.2982,37198001295.6237,4974372564.0405,62417644380.3536,31184687760.5865,9367666365.97017,20202234021.4434,-21135660317.7474,30513104655.7174
"Foreign direct investment, net (BoP, current US$)",BN.KLT.DINV.CD,Germany,DEU,8162668022.83404,21480192634.5027,18554684780.402,21230560030.2816,17161604969.5758,12338680052.9625,27779643541.0265,44975759355.3385,30890962867.5239,67478178460.424,53364279142.9306,-149835377773.513,13294434782.6287,-34067396991.4993,-26100676287.2323,29478097771.3562,29088956904.3782,60529918995.1478,89805058431.6749,67071495031.3568,43037329587.0515,60605522285.2803,10373148758.4484,33639173474.0941,26093621454.5202,88131616218.3504,56842205697.6296,58421887790.0001,40199657620.2228,50675924607.2172,95880604151.0811,-31910918320.7417,96711985272.4385,117097111868.007,72407214132.322
"Foreign direct investment, net (BoP, current US$)",BN.KLT.DINV.CD,India,IND,..,..,-73537638.3885329,-276512438.973893,-550019384.367517,-890688166.019256,-2026439031.09277,-2186732315.37831,-3464411051.97412,-2587058630.28267,-2089233597.0623,-3074684332.47754,-4073961343.30435,-3947895991.54349,-2444138426.15878,-3592188066.40631,-4628652265.34265,-5992285935.49798,-8201628957.6202,-24149749829.7088,-19485789182.6878,-11428785745.7844,-23890659988.138,-15442447342.912,-26388082470.2872,-22890162761.0214,-36495216490.7242,-39411278940.2538,-28875941053.3143,-30699661201.0258,-37469945322.0152,-53239697390.8242,-27488543123.438,-35408008686.0269,-14200416753.5791
"Foreign direct investment, net (BoP, current US$)",BN.KLT.DINV.CD,Israel,ISR,-51000000,48400000,-14600000,-9000000,10500000,300000000,-530100000,-582000000,-711100000,-613100000,-3320800000,-4712200000,-1084000000,-601700000,-1236300000,1594000000,-1873100000,1042400000,-193600000,-3065000000,-2855800000,958700000,-1252100000,-6741700000,-7984000000,-1523400000,-367800000,2590400000,-9268600000,-15427900000,-8673400000,-16389800000,-8580700000,-12784400000,-5382600000
"Foreign direct investment, net (BoP, current US$)",BN.KLT.DINV.CD,Italy,ITA,-50705837.9363787,1005044782.63723,5209240507.89156,1170141467.79439,3487994303.03635,3038264199.92199,2157553236.26946,5158060151.91964,6714677948.90125,9814894092.50167,-6679306475.60436,-6680942868.07591,1491397212.77082,-5733738820.62911,-17427335596.6755,-5785237059.70434,15534668074.9026,1965501866.07261,54017799728.5608,77206581818.6664,1760503505.25074,20798672662.4822,17407273694.7305,6761814775.11469,742935955.516196,3443516886.53276,2120880782.65147,-11998104744.4285,3077060053.39222,-5593749247.93934,1681603982.41339,21788625430.1752,29959682048.1237,-15930452555.5196,-11443288159.7398
"Foreign direct investment, net (BoP, current US$)",BN.KLT.DINV.CD,Japan,JPN,..,..,..,..,..,..,..,26440694396.687,21500257090.9753,17293070283.0307,9481358283.57827,34339324665.5464,30734354195.9472,19344378431.0937,25693039711.6221,33085785004.4804,46205395349.6241,60549386566.5095,51358484681.0391,89018788218.0295,61450645280.7978,72215534552.4662,117685915139.306,117085390234.641,145036160640.494,118172189795.213,133162791214.283,137656207444.103,154947985695.973,134928938193.782,218323780735.708,87533471953.2795,174664675618.35,126856646628.759,162085534167.902
"Foreign direct investment, net (BoP, current US$)",BN.KLT.DINV.CD,Turkiye,TUR,-663000000,-700000000,-783000000,-779000000,-622000000,-559000000,-772000000,-612000000,-554000000,-573000000,-138000000,-112000000,-2855000000,-939000000,-1222000000,-2005000000,-8967000000,-19261000000,-19941000000,-17302000000,-7032000000,-7617000000,-13812000000,-9638000000,-9927000000,-6287000000,-14167000000,-10697000000,-8487000000,-8845000000,-6496000000,-4430000000,-6444000000,-8731000000,-4988000000
"Foreign direct investment, net (BoP, current US$)",BN.KLT.DINV.CD,United Arab Emirates,ARE,..,..,..,..,..,..,..,..,..,..,..,..,..,..,..,..,..,..,..,..,..,..,..,..,..,..,..,..,..,..,..,..,..,..,..
"Foreign direct investment, net (BoP, current US$)",BN.KLT.DINV.CD,United Kingdom,GBR,4270004425.58102,-13379913178.091,302418661.365092,3139617820.2475,10735545430.3216,24171411205.4612,27379619676.3163,9301532237.31374,23386816482.3935,48157120557.6836,112454145411.852,127916379256.163,21321018557.6055,31141421727.9504,46069635887.5861,41580064154.0727,-92742954100.2227,-61381481565.7496,160880316709.816,103242148985.75,-62945021961.1458,-12327098017.1828,53821554014.553,-34727249184.4595,-8222267228.03088,-172805792105.636,-105510499552.5,-291904952184.513,46685075527.4551,-3576693950.22308,-41289065813.2492,-140797136683.084,155692535405.009,79991422960.3437,153366551851.431
"Foreign direct investment, net (BoP, current US$)",BN.KLT.DINV.CD,United States,USA,-24800000000,-11290000000,14720000000,28460000000,32570000000,34050000000,40980000000,5360000000,-770000000,-36390000000,-64964000000,-162755000000,-26455000000,67930000000,78112000000,160363000000,-89753000000,-14662000000,177277000000,2491000000,151514000000,85789000000,173119000000,126895000000,104665000000,135673000000,-209363000000,-174573000000,28590000000,-345435000000,-201057000000,145265000000,-133851000000,-20472000000,105300000000
"Foreign direct investment, net (BoP, current US$)",BN.KLT.DINV.CD,"Korea, Rep.",KOR,-660100000,87600000,136000000,374100000,611200000,1453500000,1381400000,2170700000,1110200000,-1768900000,-6759100000,-6667300000,-3778800000,-2037900000,-1991200000,-6098800000,-5313200000,3401200000,13004100000,8349000000,8378600000,18724200000,19874700000,21102800000,15551200000,18724900000,19583000000,17785200000,16156500000,26037800000,25604700000,26067500000,43940200000,40754300000,19362200000
GDP (current US$),NY.GDP.MKTP.CD,Canada,CAN,567211993243.243,596075591360.987,612527712315.615,594387358318.855,579053561739.4,579944346807.264,605961090061.207,630607994132.747,654986999855.554,634000000000,678412196271.118,744773415931.587,738981792355.372,760649334098.005,895540646634.787,1026690238278.25,1173108598778.68,1319264809590.97,1468820407783.26,1552989690721.65,1374625142157.29,1617343367486.26,1793326630174.52,1828366481521.6,1846597421834.98,1805749878439.94,1556508816217.14,1527994741907.43,1649265644244.09,1725329192783.02,1743725183672.52,1655684730000.19,2007472181464.15,2161483369422.01,2142470914401.36
GDP (current US$),NY.GDP.MKTP.CD,Brazil,BRA,412990820287.42,464989098144.854,342534090909.091,328191909882.232,368292034380.96,525369467295.737,769333050986.905,850426432991.742,883206179730.462,863710759256.435,599642024319.531,655448231983.527,559983634798.981,509795273806.715,558233745651.874,669289424806.307,891633839853.105,1107626541710.74,1397114486471.38,1695855083552.05,1666996438681.46,2208837745214.23,2616156223977.47,2465227803011.57,2472819535742.73,2456043727198.85,1802212206904.68,1795693482652.52,2063514977334.32,1916933898038.36,1873288205186.45,1476107231194.11,1670647399034.67,1951923942083.32,2173665655937.27
GDP (current US$),NY.GDP.MKTP.CD,China,CHN,347768051311.741,360857912565.966,383373318083.624,426915712715.856,444731282435.515,564321854521.013,734484834573.582,863749314718.538,961601980984.623,1029060747620.65,1094003874937.34,1211331651866.09,1339400897105.11,1470557654799.95,1660280543846.79,1955346768721.39,2285961149879.85,2752118657184.02,3550327802998.4,4594336785737.67,5101691124285.21,6087191746679.49,7551545703440.75,8532185381680.59,9570471111831.68,10475624944355.2,11061572618578.7,11233313730348.7,12310491333980.9,13894907857880.6,14279968506271.7,14687744162801,17820459508852.2,17881782683707.3,17794783039552
GDP (current US$),NY.GDP.MKTP.CD,France,FRA,1016742237302.08,1257649439826.53,1258961748633.88,1389663073110.28,1314383368079.69,1385822778827.98,1595219345511.89,1598889216566.23,1449392222971.45,1496906382032.47,1486915879701.93,1360959069477.49,1370376677298.86,1492427756382.43,1835095983049.09,2109792297237.03,2192146403028.17,2317861544690.82,2655816911866.56,2926802941585.86,2700075882518.98,2646230027988.34,2870408553990.28,2683007095787.23,2816077607875.26,2861236112552.42,2442483452642.5,2470407619777.13,2588868323334.71,2781576320884.39,2722793515171.76,2647926055110.05,2966433692008.09,2796302210398.84,3051831611384.76
GDP (current US$),NY.GDP.MKTP.CD,Germany,DEU,1404092925205.45,1778162195860.07,1875792575132.59,2141377582968.07,2078954217437.6,2215282632276.73,2593053091306.13,2506576553158.31,2218790886532.82,2247760364565.97,2213873468586.88,1966980701145.1,1966381496641.73,2102350798305.89,2534715518349.01,2852317768061.78,2893393187361.87,3046308753670.58,3484056680854.91,3808786022312.5,3479800820863.28,3468154343000.01,3824828563521.41,3597896500945.31,3808086291482.36,3965800686309.79,3423568450957.03,3537784107980.55,3763092263752.95,4052008447223.53,3957208055215.68,3940142541354.1,4348297440387.53,4163596357879.39,4525703903627.53
GDP (current US$),NY.GDP.MKTP.CD,India,IND,296042052944.66,320979026420.035,270105341879.226,288208070278.013,279295648982.529,327274843459.429,360281909643.489,392896866204.516,415867563592.829,421351317224.941,458821052615.79,468395521654.458,485440139204.171,514939140318.756,607700687237.318,709152728830.775,820383763511.445,940259888787.721,1216736438834.96,1198895139005.92,1341888016994.9,1675615519484.96,1823051829894.55,1827637590410.41,1856721507621.58,2039126479154.52,2103588360044.94,2294796885663.16,2651474262755.45,2702929641648.74,2835606256558.19,2674851578587.27,3167270623260.47,3353470496886.33,3567551674623.01
GDP (current US$),NY.GDP.MKTP.CD,Israel,ISR,52349172911.65,61905208272.8464,70871081524.7686,79314801236.3003,79712276313.6525,90576930828.5411,105307707634.576,114866706144.061,119246040470.807,120358023999.368,121166507717.951,136225025139.185,134620909004.446,125055466461.227,131314894271.096,139899274431.058,147103301914.121,158722866825.261,184068518293.128,220552442865.106,212453641380.363,238912622309.59,267406179630.431,262917911696.944,297634145181.876,314090281098.682,302722655203.465,320958936788.842,357227098125.658,375149611117.199,399651065197.871,411728563086.632,489708278893.053,525000415276.678,513611100815.691
GDP (current US$),NY.GDP.MKTP.CD,Italy,ITA,930801709003.669,1183945130898.51,1249092439519.28,1323204350353.5,1067412587670.73,1101750159702.21,1177369428265.78,1314776508972.27,1244988176443.84,1272729786996.77,1255004736463.98,1149661363439.38,1172041488805.87,1281746271196.04,1582930016538.82,1812808753294.75,1864982261286.85,1958563654385.64,2222524108127.65,2417508414187.19,2209484319012.65,2144936254535,2306974020278.21,2097929495121.68,2153225581941.46,2173255507985.84,1845428048839.1,1887111188176.93,1970720904584.71,2099435266458.67,2019606796583.53,1907481094079.23,2179207773596.09,2102995942720.44,2300941152991.81
GDP (current US$),NY.GDP.MKTP.CD,Japan,JPN,3109455047823.93,3185904656663.85,3648065760648.88,3980702922117.66,4536940479038.25,4998797547740.97,5545563663889.7,4923391533851.63,4492448605638.94,4098362709531.24,4635982224063.88,4968359075956.59,4374711694090.87,4182846045873.61,4519561645253.53,4893116005656.56,4831467035389.8,4601663122649.92,4579750920354.81,5106679115127.3,5289493117993.89,5759071769013.11,6233147172341.35,6272362996105.03,5212328181166.18,4896994405353.29,4444930651964.18,5003677627544.24,4930837369151.42,5040880939324.86,5117993853016.51,5055587093501.59,5034620784584.98,4256410760723.75,4204494802431.55
GDP (current US$),NY.GDP.MKTP.CD,Turkiye,TUR,107127191328.935,150655500191.644,151034731543.624,159104772991.851,180415757851.616,130650447499.071,169319579016.25,181464408820.097,189878399894.643,275941990764.18,256395932738.435,274294623164.043,201753123806.695,240249071871.106,314595572145.767,408865430220.331,506314717661.655,557076157773.479,681321124295.914,770449132861.373,649289324627.732,776967266305.53,838785289694.35,880555885492.269,957799120008.32,938934609296.966,864313810469.009,869682881593.041,858988492853.742,778972108040.602,761005915750.925,720338490327.248,819865223976.115,907118434653.505,1118252964260.77
GDP (current US$),NY.GDP.MKTP.CD,United Arab Emirates,ARE,41464995913.9199,50701443748.2975,51552165622.4462,54239171887.769,55625170253.337,59305093979.842,65743666575.8649,73571233996.1863,78839008444.5655,75674336283.1858,84445473110.9598,104337372362.151,103311640571.818,109816201497.617,124346358066.712,147824370319.946,180617467964.602,222116541865.214,257916133424.098,315474615738.598,253547358747.447,300189052694.029,360832739558.385,384610125384.033,400218529747.597,414105366758.911,370275469560.166,369255326235.771,390516804016.501,427049432149.345,417989721734.494,349473015336.939,415178792769.884,502731935197.487,514130432653.081
GDP (current US$),NY.GDP.MKTP.CD,United Kingdom,GBR,926884816753.927,1093169389204.55,1142797178130.51,1179659529659.53,1061388722255.55,1140489745944.29,1344240176739.78,1419645865834.63,1560911918795.02,1653694932096.72,1687830448147.55,1665534876683.31,1649827263567.01,1785729916067.15,2054422857142.86,2421525082387.4,2543180000000,2708441582336.71,3090510204081.63,2929411764705.88,2412840006231.5,2485482596184.71,2663805834828.07,2707089726614.64,2784853502534.29,3064708247921.43,2927911140916.73,2689106566899.61,2680148052335.3,2871340347581.79,2851407164907.81,2696778386607.65,3143323050707.26,3114042471144.39,3380854520809.54
GDP (current US$),NY.GDP.MKTP.CD,United States,USA,5641580000000,5963144000000,6158129000000,6520327000000,6858559000000,7287236000000,7639749000000,8073122000000,8577552000000,9062817000000,9631172000000,10250952000000,10581929000000,10929108000000,11456450000000,12217196000000,13039197000000,13815583000000,14474228000000,14769862000000,14478067000000,15048971000000,15599732000000,16253970000000,16880683000000,17608138000000,18295019000000,18804913000000,19612102000000,20656516000000,21539982000000,21354105000000,23681171000000,26006893000000,27720709000000
GDP (current US$),NY.GDP.MKTP.CD,"Korea, Rep.",KOR,246928837311.406,283365844161.092,330647042837.334,355524903068.056,392665710525.411,463619823515.164,566581003128.204,610167053824.007,569755022973.035,383331833681.821,497514040642.262,576179387819.613,547656279894.587,627246933729.618,702714855193.904,793175561887.027,934901071332.984,1053216909887.56,1172614086539.86,1047339010225.25,943941876218.743,1143672241149.72,1253289537500.81,1278046536287.01,1370632955321.2,1484488526271.8,1466038936206.43,1499679823909.61,1623074183501.9,1725373496825.43,1651422932447.77,1644312831906.17,1818432106880.04,1673916511799.71,1712792854202.37
GDP per capita (current US$),NY.GDP.PCAP.CD,Canada,CAN,20794.682233334,21525.8611387148,21846.7930471354,20950.3305287651,20186.7988782965,19997.6237373354,20679.634792669,21296.9723536904,21901.5628548392,21024.5850687045,22315.2466731545,24271.0020563821,23822.096210932,24256.0192337185,28301.8645937428,32145.5412620217,36383.6600068095,40504.0370977806,44660.0838892281,46710.2526864484,40874.8831932903,47560.6666009406,52223.8588398531,52670.3447335415,52638.1187235237,50960.8431174661,43594.1941045394,42314.0615817218,45129.628116623,46539.1761570405,46352.8693445211,43537.839298904,52496.8441693242,55509.393176404,53431.1857063879
GDP per capita (current US$),NY.GDP.PCAP.CD,Brazil,BRA,2818.99277980122,3117.73534721624,2257.6092968885,2127.31642731638,2348.88247685352,3298.71250747787,4756.74840785403,5179.13052002464,5299.39630404412,5105.89099544117,3493.57162513699,3766.54811466032,3176.28935747524,2855.94018885769,3090.6070097455,3663.823188064,4827.78173052472,5934.1447107274,7409.69130727951,8908.33176567294,8678.65922498836,11403.2821284616,13396.6243566047,12521.7213530369,12458.891214816,12274.9939689363,8936.19661756825,8836.28652636996,10080.5092817775,9300.66164936497,9029.83326742175,7074.19378281866,7972.53665048385,9281.33334441234,10294.866680778
GDP per capita (current US$),NY.GDP.PCAP.CD,China,CHN,310.8819124049,317.884673040928,333.142145400184,366.460692306116,377.3898394789,473.489916407064,609.604337927454,709.415888233368,781.74256121344,828.594691043134,873.292336318005,959.360431369138,1053.11231442789,1148.51425710711,1288.63749134336,1508.66791560781,1753.41419160544,2099.2194300499,2693.95873160283,3468.32706307504,3832.2274569094,4550.47394356715,5614.38602225277,6300.58217951734,7020.3860742288,7636.07434020616,8016.44559489998,8094.39016735149,8817.04560829162,9905.40638304527,10143.8602206165,10408.7195541075,12617.5051041181,12662.5826712038,12614.0617416421
GDP per capita (current US$),NY.GDP.PCAP.CD,France,FRA,17547.2645422514,21586.4674617483,21500.7778366233,23615.0168565483,22238.8250618434,23359.8985104774,26791.8151982369,26757.6351494145,24169.4008102822,24869.4030795939,24576.3152254528,22340.5939516217,22331.7948343036,24144.5727019529,29479.5222101175,33644.9282220364,34696.3718316971,36431.5658906555,41486.1907828787,45464.8181385158,41728.0884164132,40694.8211697025,43929.7840873812,40863.5814412333,42669.1795111893,43148.0459288416,36702.4323733379,37024.2157133669,38687.1626407164,41418.1766484844,40408.2848574751,39169.8606000707,43725.0999521245,41082.8119320747,44690.9345395117
GDP per capita (current US$),NY.GDP.PCAP.CD,Germany,DEU,17829.4609524705,22385.6778250275,23443.3350818536,26559.8543879632,25616.6508772405,27201.9593555204,31747.2449398447,30599.7891048363,27046.9565464237,27395.9440608051,26965.4922773722,23925.8559901991,23878.3641471651,25486.5942008748,30711.1022511331,34566.7359143735,35084.4363546269,36980.3349948954,42350.9217211489,46386.3295924799,42487.2137101496,42409.9356994694,47646.582043143,44735.5882319701,47220.0102098851,48971.0824722599,41911.0109851054,42961.0356905775,45526.5999576533,48874.8595028454,47623.8656074829,47379.765194548,52265.6541620571,49686.1154582583,54343.2265084958
GDP per capita (current US$),NY.GDP.PCAP.CD,India,IND,349.915155021864,371.085936203765,305.574055928592,319.182472626315,302.884806246174,347.73421473994,375.17600537305,401.046754673579,416.228116203753,413.630864056851,441.927991436397,442.750218937263,450.357900514128,469.149928973927,544.143133545002,624.258826510066,710.488080408949,801.668353659022,1021.88707706826,992.519584923828,1094.94974598436,1347.51939071367,1445.46127486037,1429.32199520032,1432.84397512195,1553.88396075118,1583.99815907985,1707.50892912243,1950.10468280866,1966.25455171679,2041.42863698585,1907.04251637669,2239.61384367482,2352.61392452078,2480.79208721621
GDP per capita (current US$),NY.GDP.PCAP.CD,Israel,ISR,11586.8023266158,13284.3794576924,14320.2831935277,15482.1005731603,15151.5446328935,16776.6124890797,18991.4711694457,20180.3770456889,20432.8376406454,20157.0966336239,19782.2869743593,21660.840378309,20907.1143041538,19034.3175740071,19629.4145135202,20546.2291718399,21226.7213913393,22502.0722209991,25635.926838502,30176.2865128483,28381.6449423376,31338.5568903917,34433.822610733,33236.5731239421,36929.6042163752,38230.4954049785,36123.9907881129,37556.6272863143,40997.9110240274,42233.2610344935,44140.8289372511,44679.7715799755,52255.6159050999,54930.7261602593,52642.4267486308
GDP per capita (current US$),NY.GDP.PCAP.CD,Italy,ITA,16424.4301587005,20873.7834092719,22007.1350964074,23297.0460325456,18781.9529427137,19382.2002150155,20712.1798690324,23122.9337219116,21883.9872666651,22365.1837644545,22049.9990620261,20190.0035636084,20571.4787737914,22463.5222129968,27618.9417740066,31425.8208728669,32171.793374715,33684.7200358552,38031.9709472716,41095.4063415012,37388.4537139699,36184.7118698678,38851.3881339353,35235.7989058242,35747.707952689,35750.7197500382,30387.1293187854,31126.3246947273,32554.14668453,34746.3441392416,33812.788724868,32091.4866621366,36852.5425414951,35635.7442204098,39003.3160954123
GDP per capita (current US$),NY.GDP.PCAP.CD,Japan,JPN,25265.9487590208,25801.3950393094,29428.4289039469,31992.7902119161,36345.2441262708,39933.5150564874,44197.6191013908,39150.0396308089,35638.2319556941,32423.7556133801,36610.1683163197,39169.3595701504,34406.1824638092,32820.7936433254,35387.0374203599,38298.9801712303,37812.8950199948,35991.546002862,35779.0245416427,39876.3039685725,41308.9968370512,44968.1562349739,48760.0789494211,49145.2804308193,40898.6478964744,38475.3952461838,34960.6393843385,39375.4731620781,38834.0529341227,39751.1330982711,40415.9567649547,40040.7655055923,40058.5373276179,34017.2718075024,33766.5268253808
GDP per capita (current US$),NY.GDP.PCAP.CD,Turkiye,TUR,1948.59179454794,2689.52621921233,2649.27259974439,2743.65320297936,3057.93737480422,2176.2801813809,2774.61627202847,2929.15394930619,3020.99347061272,4329.56243985573,3969.47359406585,4192.44316738494,3045.55413956926,3583.19745897158,4637.88218501529,5960.77898909049,7303.01388860245,7953.07848024969,9711.22376120832,10843.5036940489,9012.99945793034,10622.7020439723,11300.7852215681,11713.2849831139,12578.1878632,12165.220135038,11049.9951100942,10970.0458948862,10695.550196231,9568.83506330228,9215.44049888114,8638.73903848102,9743.21277804855,10674.504157865,13105.6585678319
GDP per capita (current US$),NY.GDP.PCAP.CD,United Arab Emirates,ARE,23166.7305903787,26709.993440327,25690.9686321448,25648.2727760844,25032.7822702907,25472.6396578979,27003.2006807782,28323.1650870532,27982.7957040564,24889.4269192279,25855.8605046587,29865.502347066,27745.1708087672,27753.6089526346,29659.5428567811,33376.7152295209,38719.3138307623,44342.6048322482,45854.7325158162,50054.1700681803,37803.0663738777,43696.6712597922,50789.0505418347,52034.4762466073,52023.5170958751,51381.4069909213,43534.9972681733,41326.4018161834,42340.5917145576,45689.8570040215,44251.4541390148,37173.8754100281,43360.0211014806,49899.0652978649,49040.6947525825
GDP per capita (current US$),NY.GDP.PCAP.CD,United Kingdom,GBR,16239.2821960944,19095.4669984608,19900.7266505069,20487.1707852878,18389.0195675099,19709.2380983653,23168.9529580171,24406.400298359,26766.0056249684,28274.5045119699,28762.0913570256,28280.926786099,27906.5695029641,30077.741432188,34442.6875402308,40366.8886650968,42104.7884375024,44512.4590296865,50397.6854954706,47396.1202078484,38744.131693043,39598.957119545,42109.6418795749,42497.3404974322,43426.2981405143,47439.6165895125,44964.3911437292,40985.2351382417,40572.1214823783,43203.8141057739,42662.5353740311,40201.6812422928,46896.8662432834,45935.9276473925,49463.8554617343
GDP per capita (current US$),NY.GDP.PCAP.CD,United States,USA,22857.1544330056,23888.6000088133,24342.2589048189,25418.9907763319,26387.2937338171,27694.853416234,28690.8757013347,29967.7127181749,31459.1299691554,32853.6725949234,34515.3813073394,36329.9702595751,37133.6203973517,37997.7424300242,39490.3023903176,41724.6411982614,44123.3996470026,46301.9876485519,48050.227412195,48570.0594269601,47194.9500893872,48650.6643227232,50065.9789470675,51784.4114692048,53409.7507774372,55304.3155317137,57040.2082136605,58206.6141931844,60322.2614241747,63201.0458483771,65604.6815198734,64411.3731779373,71318.3073592183,78035.1753604212,82769.4122114216
GDP per capita (current US$),NY.GDP.PCAP.CD,"Korea, Rep.",KOR,5817.06556721983,6609.99728316175,7636.9480638849,8126.66206183629,8884.91946408987,10385.3904572997,12564.7243743092,13402.994604707,12398.4904543462,8281.71948271445,10672.4475586765,12257.0206622345,11561.2071745115,13165.08362497,14672.8057539465,16496.1316167114,19402.5026259549,21743.4774514254,24086.4104391677,21350.427979823,19143.8516053025,23079.2601257735,25097.595426845,25459.1689000965,27179.5170146052,29252.9312377352,28737.4391706499,29280.4403170048,31600.7358741365,33447.1562836166,31902.4169048194,31721.2989141857,35125.5224984723,32394.6833725203,33121.3712885508
Imports of goods and services (current US$),NE.IMP.GNFS.CD,Canada,CAN,141918074324.324,148543023654.439,152336562800.035,157743857036.485,168552050228.664,183320152314.001,199747158262.897,209119911991.199,237129134768.164,241249747219.414,259518745372.552,287155747087.738,268281895661.157,271159115529.217,295296552708.586,337418139892.391,385981185014.029,430736071932.299,470813704496.788,506718837863.168,411817863703.963,502035342676.986,570642753938.112,589511490951.583,589048627265.353,589434433378.268,534115083556.223,517396012626.09,554922650425.45,591347645767.306,589706748631.384,524572641557.224,626488133458.384,728719235183.076,724652002690.122
Imports of goods and services (current US$),NE.IMP.GNFS.CD,Brazil,BRA,22554535409.3862,32355627483.2134,27109659090.9091,27519098822.3246,33500023512.8145,48132687111.4695,72744940267.0032,75733720724.306,84722079941.224,81258638865.2644,68462738259.9027,81614535020.0582,81559232850.0804,68250204101.3395,72344866164.6317,87894373254.5582,105595891948.291,129231037310.712,167163857933.354,232731840904.542,187613855712.734,262997327803.632,323144804340.432,326315660071.406,347276016899.117,335826230156.841,253272712377.634,216686387069.85,243510584262.84,272994464677.427,276634813667.029,233941246230.247,309853308958.678,374482483050.831,342214686307.41
Imports of goods and services (current US$),NE.IMP.GNFS.CD,China,CHN,46118793490.081,38461758920.0765,43941659163.7631,61849400125.5887,86072328749.7039,97250445198.3311,119900826003.539,137261876999.221,144623819995.061,144913704695.688,168058444272.642,224306238156.073,243973790223.785,295619639657.425,412137124710.207,556182551580.013,648712207875.287,782812463256.126,950020767155.498,1149036249792.23,1042533759648.07,1432422435977.06,1825413639206.37,1943205232867.15,2119392421427.69,2241276198979.27,2003260696068.67,1944490534275.23,2208518918632.2,2564121910994.89,2496153305902.9,2374737462777.69,3093278397249.18,3140040863536.23,3127201616050.71
Imports of goods and services (current US$),NE.IMP.GNFS.CD,France,FRA,235996092946.741,284198409830.141,283762818276.945,299027013630.731,261684618948.344,291034380907.372,346832698120.647,351587382997.82,335869521240.728,361782299310.652,363754404231.893,381449581352.471,376341467532.402,394028136001.569,467250572392.979,553011604110.426,606331902819.611,670822254333.176,777995714258.042,877476980121.484,710610400819.062,761083995458.335,891743744380.352,839869181339.766,879403265969.571,900072034980.075,776983112152.851,786690099965.255,856501561408.354,942517078079.137,913209092423.528,801836174373.076,964103785591.845,1098568561003.12,1107189988383.75
Imports of goods and services (current US$),NE.IMP.GNFS.CD,Germany,DEU,320659348798.502,408062314489.771,451492044784.915,483833437695.679,413095942269.017,453912257442.449,547772621809.745,541957369378.737,525385743288.969,550595754140.269,564301984739.383,580553292712.158,570228511976.772,570622539400.393,700765174545.097,826352918672.203,896950519582.879,1029339915529.41,1193186147672.55,1339125795807.81,1067378170076.17,1192329684250,1406669611896.89,1317969624114.84,1366940257620,1393837781387.05,1204648073431.64,1215609853746.31,1326138381464.71,1483856351069.02,1454172759796.08,1332716704314.4,1630569552864.31,1802154794791.84,1782980609876.5
Imports of goods and services (current US$),NE.IMP.GNFS.CD,India,IND,24133353522.4812,27132072318.021,22941358805.152,27639649994.19,27419354118.7633,33349501147.7089,43318425767.7707,45357266003.2021,49607467421.0891,53431564328.4224,61314704757.0345,65124245375.0531,65218276482.1322,78498759285.7313,95071869378.5573,139310848797.436,183736617243.328,229955027127.372,302803952552.5,350926955799.106,347177967968.316,449974370198.802,566667744819.908,571306554042.386,527555307105.956,529239428328.665,465097595426.184,480169055768.282,582018012521.568,640300806738.542,602315056052.526,510244747372.174,760902891806.013,897550749081.828,858839501091.307
Imports of goods and services (current US$),NE.IMP.GNFS.CD,Israel,ISR,17498694948.8624,20435030750.9176,22534066078.7153,24174229596.1937,27078712766.3333,30559295274.1523,35385049646.3322,37635429394.9933,37372876442.2798,36163785163.5483,41207816991.5694,47200353174.8951,44056161875.5499,43363164337.8783,44932258843.6793,52895805443.9982,58276845600.1961,62604470577.674,74068304082.1791,84526755852.8428,63709279556.4937,76948094063.2125,93102560441.5393,92906238306.0976,93510223014.0945,95211297609.6481,85080552377.6854,90475538679.1879,97865944639.5186,109319813000.482,109553204402.06,96895086559.1227,126028374221.792,151074943827.189,138285723513.418
Imports of goods and services (current US$),NE.IMP.GNFS.CD,Italy,ITA,172137694044.595,213356119909.502,209893731855.783,230163868028.28,184878139534.884,204277773775.216,246820753595.626,251644873886.309,253824124602.092,267089327534.292,268274689595.985,284121969413.177,284831774435.394,301961782874.981,360433739169.137,423101431530.04,458978118688.871,526275457690.588,613038536211.257,664125662011.484,505183498247.5,573630177653.334,643858645924.126,564328520572.5,556753988253.021,561398127135.449,485192095144.804,483730717980.818,540827068435.177,597530269520.862,560326098494.117,480945200912.997,634811260435.649,776766269322.766,748044559365.503
Imports of goods and services (current US$),NE.IMP.GNFS.CD,Japan,JPN,267623386902.708,295830930469.465,297072083274.254,298544112851.585,308939565351.113,348440138619.557,420000722945.877,440058798059.554,422282171634.396,353663297055.199,385717972939.28,452064900176.773,414845357770.868,401205059495.326,445643407643.175,532277504089.913,599781161368.994,660752902210.073,711118565477.884,862718956651.3,633184104751.411,782080174983.161,961182364174.189,1007099152148.38,948362884511.706,980024678767.845,799671850411.581,763174802438.923,829947425329.105,922228472388.616,908591904960.75,798645128766.751,938755726387.128,1076957434698.96,981837994996.069
Imports of goods and services (current US$),NE.IMP.GNFS.CD,Turkiye,TUR,19048020735.1555,26482062092.7558,25124448705.6568,27596929569.2666,34898334091.9436,26631422878.1789,41231056821.8999,50495478164.7319,57701398610.6081,54441094030.469,48340913551.8873,61642883853.4977,45776842136.1828,54962440934.538,73045693374.2425,103038524359.592,122862782500.225,146890048114.989,176879760094.74,207882299722.94,152043222792.846,198129231745.837,254239800352.845,250693618990.19,275216770005.589,268166855331.083,229538119984.162,219548635276.238,255314971383.993,244453305856.842,229207956545.671,232114423840.408,289730104250.561,386304799043.559,384240318096.721
Imports of goods and services (current US$),NE.IMP.GNFS.CD,United Arab Emirates,ARE,..,..,..,..,..,..,..,..,..,..,..,..,42053369639.2104,47845064669.8434,57668073519.401,78428046289.9932,93862491490.8101,112930428863.172,166134240980.259,219714363512.594,187139823008.85,178610755616.065,215973042886.317,239748672566.372,252509462219.197,275110959836.624,268999319264.806,270714771953.71,285336963921.035,281535738597.685,306004084411.164,297228174693.051,347528931245.745,427991831177.672,481851599727.706
Imports of goods and services (current US$),NE.IMP.GNFS.CD,United Kingdom,GBR,241238426047.12,272323540482.955,259552895943.563,275735375570.376,264364892021.596,294236152433.425,338952185576.771,367441497659.906,393418467583.497,411883073865.518,427461575796.797,447394462097.14,449981286886.426,479812649880.096,537910204081.633,638784328084.951,697065454545.454,796344066237.351,848431372549.02,855172794117.647,678558965570.961,755985189200.566,857154298140.55,855641065409.249,883068333064.174,935305726198.978,859564412420.216,828192624115.954,863846532337.868,946466621329.184,941829862195.151,785068374771.382,924270940181.382,1099672270617.25,1089182875638.53
Imports of goods and services (current US$),NE.IMP.GNFS.CD,United States,USA,591030000000,629728000000,623544000000,667791000000,719973000000,813424000000,902572000000,963966000000,1055774000000,1115690000000,1252460000000,1477184000000,1403559000000,1437724000000,1557120000000,1810504000000,2041482000000,2256623000000,2395228000000,2576151000000,2001927000000,2389555000000,2695480000000,2769317000000,2766375000000,2887445000000,2794942000000,2738830000000,2931589000000,3131166000000,3116681000000,2777341000000,3415459000000,3976314000000,3849811000000
Imports of goods and services (current US$),NE.IMP.GNFS.CD,"Korea, Rep.",KOR,63102887785.0188,72983629293.485,86128609498.3141,87768564382.4358,91279887096.9269,114027977991.795,151502457040.844,169943736945.327,166240403023.602,111015931008.514,135184170949.146,185276192960.39,166684972965.805,179268961271.559,209245744134.301,263821125150.089,308907471189.563,368894013922.426,427797123573.848,501407971186.702,386527844126.146,506599450045.829,654575349793.225,656459355451.117,639537800832.433,635109038410.395,529869468434.793,501960211670.296,587337161918.895,643142886151.538,602460189255.229,537270248786.333,696863687514.079,807909863148.844,752669851512.163
,,,,,,,,,,,,,,,,,,,,,,,,,,,,,,,,,,,,,,
,,,,,,,,,,,,,,,,,,,,,,,,,,,,,,,,,,,,,,
,,,,,,,,,,,,,,,,,,,,,,,,,,,,,,,,,,,,,,
Data from database: World Development Indicators,,,,,,,,,,,,,,,,,,,,,,,,,,,,,,,,,,,,,,
Last Updated: 03/24/2025,,,,,,,,,,,,,,,,,,,,,,,,,,,,,,,,,,,,,,
