Country Name,Year,Exports,FDI,GDP,GDP Per Capita,Imports,Tariff Rate,Trade Balance,GDP_billion
Brazil,1989,36878468232.3992,-608000000.0,412990820287.42,2818.99277980122,22554535409.3862,31.92,14323932823.013,412.99082028742
Brazil,1990,38116256002.0798,-324000000.0,464989098144.854,3117.73534721624,32355627483.2134,18.95,5760628518.866402,464.989098144854
Brazil,1991,29723863636.3636,-89000000.0,342534090909.091,2257.6092968885,27109659090.9091,16.54,2614204545.454502,342.534090909091
Brazil,1992,35668919610.8551,-1924000000.0,328191909882.232,2127.31642731638,27519098822.3246,15.71,8149820788.530502,328.191909882232
Brazil,1993,38682712856.2845,-801000000.0,368292034380.96,2348.88247685352,33500023512.8145,13.02,5182689343.470001,368.29203438096005
Brazil,1994,49978798948.0716,-2035000000.0,525369467295.737,3298.71250747787,48132687111.4695,13.26,1846111836.6021042,525.369467295737
Brazil,1995,57922124038.4584,-3475000000.0,769333050986.905,4756.74840785403,72744940267.0032,10.97,-14822816228.544807,769.333050986905
Brazil,1996,57235482141.0805,-11667000000.0,850426432991.742,5179.13052002464,75733720724.306,14.83,-18498238583.225502,850.426432991742
Brazil,1997,61680024619.8487,-17877370310.6468,883206179730.462,5299.39630404412,84722079941.224,14.0,-23042055321.375298,883.206179730462
Brazil,1998,60723187855.068,-26001596916.42,863710759256.435,5105.89099544117,81258638865.2644,15.94,-20535451010.196404,863.710759256435
Brazil,1999,57355149556.2405,-26888017614.9902,599642024319.531,3493.57162513699,68462738259.9027,12.31,-11107588703.6622,599.6420243195311
Brazil,2000,66777380518.3383,-30497652699.75,655448231983.527,3766.54811466032,81614535020.0582,12.69,-14837154501.719894,655.448231983527
Brazil,2001,69279555096.2874,-24714939372.251,559983634798.981,3176.28935747524,81559232850.0804,10.47,-12279677753.793,559.9836347989809
Brazil,2002,72546876638.2809,-14108096193.1141,509795273806.715,2855.94018885769,68250204101.3395,10.01,4296672536.941399,509.79527380671504
Brazil,2003,84744257516.308,-9894224670.99009,558233745651.874,3090.6070097455,72344866164.6317,9.53,12399391351.6763,558.2337456518741
Brazil,2004,110739032053.055,-8338896459.75335,669289424806.307,3663.823188064,87894373254.5582,7.67,22844658798.496796,669.289424806307
Brazil,2005,135919140236.363,-12549590734.979,891633839853.105,4827.78173052472,105595891948.291,7.17,30323248288.072006,891.633839853105
Brazil,2006,159213742531.583,9380283047.0622,1107626541710.74,5934.1447107274,129231037310.712,6.7,29982705220.871002,1107.62654171074
Brazil,2007,186202879575.236,-27518241273.2648,1397114486471.38,7409.69130727951,167163857933.354,6.77,19039021641.88199,1397.11448647138
Brazil,2008,229517035697.556,-24601090273.6125,1695855083552.05,8908.33176567294,232731840904.542,6.74,-3214805206.9859924,1695.85508355205
Brazil,2009,180891970353.521,-36032805800.0,1666996438681.46,8678.65922498836,187613855712.734,7.59,-6721885359.213013,1666.99643868146
Brazil,2010,240003137741.747,-55626921872.6,2208837745214.23,11403.2821284616,262997327803.632,7.76,-22994190061.88498,2208.83774521423
Brazil,2011,303016626325.823,-86360111204.54,2616156223977.47,13396.6243566047,323144804340.432,7.84,-20128178014.60901,2616.1562239774703
Brazil,2012,292808395453.514,-90485123670.43,2465227803011.57,12521.7213530369,326315660071.406,7.76,-33507264617.89203,2465.22780301157
Brazil,2013,290364173324.942,-59567525424.58,2472819535742.73,12458.891214816,347276016899.117,10.08,-56911843574.17499,2472.81953574273
Brazil,2014,270458130850.098,-67107129352.1,2456043727198.85,12274.9939689363,335826230156.841,7.79,-65368099306.74301,2456.0437271988503
Brazil,2015,232488824444.589,-61604176364.71,1802212206904.68,8936.19661756825,253272712377.634,8.27,-20783887933.045013,1802.21220690468
Brazil,2016,223863343103.297,-59601145882.35,1795693482652.52,8836.28652636996,216686387069.85,8.01,7176956033.446991,1795.69348265252
Brazil,2017,258330777006.501,-47544978339.99,2063514977334.32,10080.5092817775,243510584262.84,8.59,14820192743.66101,2063.51497733432
Brazil,2018,280543266303.121,-76159270430.66,1916933898038.36,9300.66164936497,272994464677.427,7.95,7548801625.69397,1916.9338980383602
Brazil,2019,264562979421.068,-46354807251.49,1873288205186.45,9029.83326742175,276634813667.029,7.97,-12071834245.960999,1873.2882051864499
Brazil,2020,242872071018.291,-41737369809.01,1476107231194.11,7074.19378281866,233941246230.247,8.41,8930824788.043976,1476.10723119411
Brazil,2021,319251201403.084,-30201173400.34,1670647399034.67,7972.53665048385,309853308958.678,7.76,9397892444.406006,1670.64739903467
Brazil,2022,383177602116.201,-41251769571.23,1951923942083.32,9281.33334441234,374482483050.831,7.26,8695119065.369995,1951.92394208332
Brazil,2023,393656923982.556,-39079031684.51,2173665655937.27,10294.866680778,342214686307.41,,51442237675.14606,2173.66565593727
Canada,1989,142065878378.378,-756426909.082676,567211993243.243,20794.682233334,141918074324.324,7.02,147804054.0539856,567.211993243243
Canada,1990,149461775797.052,-2351322579.60475,596075591360.987,21525.8611387148,148543023654.439,,918752142.6130066,596.075591360987
Canada,1991,149170812603.648,2962324151.88571,612527712315.615,21846.7930471354,152336562800.035,,-3165750196.3869934,612.527712315615
Canada,1992,155724331926.864,-1229978110.06882,594387358318.855,20950.3305287651,157743857036.485,,-2019525109.6209717,594.387358318855
Canada,1993,168751259592.28,962554678.562879,579053561739.4,20186.7988782965,168552050228.664,3.59,199209363.6159973,579.0535617394
Canada,1994,190114967779.731,1079642881.10374,579944346807.264,19997.6237373354,183320152314.001,,6794815465.72998,579.9443468072641
Canada,1995,218740163217.721,2170895576.05244,605961090061.207,20679.634792669,199747158262.897,6.69,18993004954.824005,605.9610900612071
Canada,1996,233945727906.124,3471751714.69391,630607994132.747,21296.9723536904,209119911991.199,5.43,24825815914.924988,630.607994132747
Canada,1997,249765997399.971,11546289244.7879,654986999855.554,21901.5628548392,237129134768.164,1.99,12636862631.807007,654.9869998555539
Canada,1998,253784967981.126,11369485481.8881,634000000000.0,21024.5850687045,241249747219.414,1.44,12535220761.712006,634.0
Canada,1999,283991384532.544,-7526468527.15749,678412196271.118,22315.2466731545,259518745372.552,1.01,24472639159.992004,678.4121962711181
Canada,2000,329258635782.102,-21653038993.6265,744773415931.587,24271.0020563821,287155747087.738,1.31,42102888694.36401,744.773415931587
Canada,2001,310667613636.364,8440763882.98875,738981792355.372,23822.096210932,268281895661.157,1.6,42385717975.207,738.9817923553719
Canada,2002,304705919836.87,4749229277.95075,760649334098.005,24256.0192337185,271159115529.217,1.49,33546804307.652985,760.649334098005
Canada,2003,330149882235.386,16417567996.3288,895540646634.787,28301.8645937428,295296552708.586,2.46,34853329526.79999,895.540646634787
Canada,2004,383240584166.026,43370579702.622,1026690238278.25,32145.5412620217,337418139892.391,1.51,45822444273.63501,1026.69023827825
Canada,2005,432369202838.752,1727389338.84794,1173108598778.68,36383.6600068095,385981185014.029,1.46,46388017824.72302,1173.1085987786798
Canada,2006,467052186177.715,-13950022417.3474,1319264809590.97,40504.0370977806,430736071932.299,1.45,36316114245.416016,1319.26480959097
Canada,2007,502770691741.923,-55310207533.9084,1468820407783.26,44660.0838892281,470813704496.788,1.54,31956987245.13495,1468.82040778326
Canada,2008,534150890346.767,18568974469.1936,1552989690721.65,46710.2526864484,506718837863.168,1.54,27432052483.599,1552.9896907216498
Canada,2009,391985828011.548,16787996095.9599,1374625142157.29,40874.8831932903,411817863703.963,1.7,-19832035692.41504,1374.62514215729
Canada,2010,471736717163.276,6626667134.17278,1617343367486.26,47560.6666009406,502035342676.986,1.46,-30298625513.710022,1617.34336748626
Canada,2011,550163771962.44,11756393310.4902,1793326630174.52,52223.8588398531,570642753938.112,1.38,-20478981975.67212,1793.32663017452
Canada,2012,554964544782.69,12879466785.8116,1828366481521.6,52670.3447335415,589511490951.583,1.4,-34546946168.89307,1828.3664815216
Canada,2013,560108797442.998,-12563236012.7314,1846597421834.98,52638.1187235237,589048627265.353,1.45,-28939829822.35498,1846.59742183498
Canada,2014,573083180253.852,805191688.44975,1805749878439.94,50960.8431174661,589434433378.268,1.43,-16351253124.415894,1805.74987843994
Canada,2015,495747450357.728,23927632715.3373,1556508816217.14,43594.1941045394,534115083556.223,1.65,-38367633198.494995,1556.5088162171398
Canada,2016,481357649980.237,33404095512.7527,1527994741907.43,42314.0615817218,517396012626.09,1.56,-36038362645.85303,1527.99474190743
Canada,2017,518766780219.71,52829985894.7131,1649265644244.09,45129.628116623,554922650425.45,1.52,-36155870205.73993,1649.26564424409
Canada,2018,557719627178.031,20156533320.4923,1725329192783.02,46539.1761570405,591347645767.306,1.47,-33628018589.275024,1725.32919278302
Canada,2019,564142104614.779,26965431145.1468,1743725183672.52,46352.8693445211,589706748631.384,1.51,-25564644016.60498,1743.72518367252
Canada,2020,487990676642.934,18306166114.2054,1655684730000.19,43537.839298904,524572641557.224,1.49,-36581964914.28998,1655.68473000019
Canada,2021,626659601646.079,44529088999.5606,2007472181464.15,52496.8441693242,626488133458.384,2.35,171468187.6949463,2007.4721814641498
Canada,2022,731555074343.765,37342988263.1283,2161483369422.01,55509.393176404,728719235183.076,1.37,2835839160.688965,2161.48336942201
Canada,2023,714927640904.957,35229170707.4981,2142470914401.36,53431.1857063879,724652002690.122,,-9724361785.164917,2142.47091440136
China,1989,41190793490.081,-2613000000.0,347768051311.741,310.8819124049,46118793490.081,,-4928000000.0,347.76805131174103
China,1990,49129758920.0765,-2657000000.0,360857912565.966,317.884673040928,38461758920.0765,,10668000000.0,360.857912565966
China,1991,55542659163.7631,-3453000000.0,383373318083.624,333.142145400184,43941659163.7631,,11601000000.0,383.37331808362404
China,1992,66847400125.5887,-7156000000.0,426915712715.856,366.460692306116,61849400125.5887,32.17,4998000000.0,426.91571271585605
China,1993,74280328749.7039,-23115000000.0,444731282435.515,377.3898394789,86072328749.7039,30.29,-11792000000.0,444.731282435515
China,1994,104607445192.414,-31787000000.0,564321854521.013,473.489916407064,97250445198.3311,27.93,7356999994.082901,564.3218545210129
China,1995,131858826005.216,-33849200000.0,734484834573.582,609.604337927454,119900826003.539,,11958000001.677002,734.484834573582
China,1996,154811877005.235,-38066000000.0,863749314718.538,709.415888233368,137261876999.221,19.76,17550000006.013992,863.749314718538
China,1997,187447040001.004,-41674000000.0,961601980984.623,781.74256121344,144623819995.061,15.82,42823220005.94299,961.6019809846231
China,1998,188750394180.041,-41117000000.0,1029060747620.65,828.594691043134,144913704695.688,15.5,43836689484.353,1029.06074762065
China,1999,198699399631.565,-36978000000.0,1094003874937.34,873.292336318005,168058444272.642,14.46,30640955358.923004,1094.00387493734
China,2000,253092089742.301,-37483300000.0,1211331651866.09,959.360431369138,224306238156.073,14.67,28785851586.227997,1211.3316518660902
China,2001,272060010513.385,-37357000000.0,1339400897105.11,1053.11231442789,243973790223.785,14.11,28086220289.600006,1339.40089710511
China,2002,333002310921.755,-46789569178.7806,1470557654799.95,1148.51425710711,295619639657.425,7.72,37382671264.33002,1470.55765479995
China,2003,447958253780.912,-49444853743.8231,1660280543846.79,1288.63749134336,412137124710.207,6.48,35821129070.70502,1660.2805438467901
China,2004,607356934122.253,-60144670467.5079,1955346768721.39,1508.66791560781,556182551580.013,5.96,51174382542.24011,1955.34676872139
China,2005,773339005398.498,-90379127564.2216,2285961149879.85,1753.41419160544,648712207875.287,4.87,124626797523.21106,2285.96114987985
China,2006,991731387765.228,-100149837150.968,2752118657184.02,2099.2194300499,782812463256.126,4.25,208918924509.10205,2752.11865718402
China,2007,1258056795935.92,-139094535501.613,3550327802998.4,2693.95873160283,950020767155.498,5.07,308036028780.4219,3550.3278029984
China,2008,1497868782937.13,-114792373681.872,4594336785737.67,3468.32706307504,1149036249792.23,4.47,348832533144.8999,4594.33678573767
China,2009,1262664161017.28,-87167067369.5,5101691124285.21,3832.2274569094,1042533759648.07,3.94,220130401369.21008,5101.69112428521
China,2010,1654823329663.86,-185749835191.821,6087191746679.49,4550.47394356715,1432422435977.06,4.65,222400893686.80005,6087.19174667949
China,2011,2006308960976.47,-231651578090.287,7551545703440.75,5614.38602225277,1825413639206.37,5.99,180895321770.09985,7551.54570344075
China,2012,2175069254663.85,-176250481637.42,8532185381680.59,6300.58217951734,1943205232867.15,,231864021796.7002,8532.18538168059
China,2013,2354264539609.2,-217957551783.694,9570471111831.68,7020.3860742288,2119392421427.69,,234872118181.51025,9570.471111831679
China,2014,2462825804851.16,-144967626758.575,10475624944355.2,7636.07434020616,2241276198979.27,4.74,221549605871.89014,10475.624944355199
China,2015,2362097053274.6,-68098649764.7788,11061572618578.7,8016.44559489998,2003260696068.67,4.52,358836357205.9302,11061.572618578699
China,2016,2199974853570.14,41674876169.524,11233313730348.7,8094.39016735149,1944490534275.23,3.54,255484319294.91016,11233.3137303487
China,2017,2424216052098.35,-27790987919.5091,12310491333980.9,8817.04560829162,2208518918632.2,3.83,215697133466.1499,12310.4913339809
China,2018,2655609176087.45,-92338473352.4803,13894907857880.6,9905.40638304527,2564121910994.89,3.39,91487265092.56006,13894.9078578806
China,2019,2628941104657.6,-50259822364.755,14279968506271.7,10143.8602206165,2496153305902.9,2.53,132787798754.7002,14279.9685062717
China,2020,2729884575163.89,-99374807720.47,14687744162801.0,10408.7195541075,2374737462777.69,2.47,355147112386.2002,14687.744162801
China,2021,3554107780957.44,-165277237079.6,17820459508852.2,12617.5051041181,3093278397249.18,2.31,460829383708.25977,17820.4595088522
China,2022,3717887818646.97,19846371666.52,17881782683707.3,12662.5826712038,3140040863536.23,2.18,577846955110.7402,17881.7826837073
China,2023,3513236885527.07,142573770573.99,17794783039552.0,12614.0617416421,3127201616050.71,,386035269476.35986,17794.783039552
France,1989,231757351429.159,9193689820.03884,1016742237302.08,17547.2645422514,235996092946.741,,-4238741517.5820007,1016.74223730208
France,1990,276540778219.492,21640172226.7156,1257649439826.53,21586.4674617483,284198409830.141,,-7657631610.648987,1257.64943982653
France,1991,282187071270.782,8778998288.97929,1258961748633.88,21500.7778366233,283762818276.945,,-1575747006.163025,1258.9617486338798
France,1992,311915489467.162,9429508955.84586,1389663073110.28,23615.0168565483,299027013630.731,,12888475836.43097,1389.66307311028
France,1993,286749942089.414,-149530697.079622,1314383368079.69,22238.8250618434,261684618948.344,,25065323141.070007,1314.38336807969
France,1994,315281781663.516,8641023244.7181,1385822778827.98,23359.8985104774,291034380907.372,,24247400756.143982,1385.82277882798
France,1995,377901958207.386,-7915340633.12256,1595219345511.89,26791.8151982369,346832698120.647,,31069260086.739014,1595.21934551189
France,1996,385700089755.097,8389214529.86985,1598889216566.23,26757.6351494145,351587382997.82,,34112706757.276978,1598.88921656623
France,1997,385977860193.302,12439587260.4557,1449392222971.45,24169.4008102822,335869521240.728,,50108338952.573975,1449.3922229714499
France,1998,407948410051.145,16182755399.4058,1496906382032.47,24869.4030795939,361782299310.652,,46166110740.49304,1496.90638203247
France,1999,404544866221.468,79455181689.7442,1486915879701.93,24576.3152254528,363754404231.893,,40790461989.57501,1486.91587970193
France,2000,404994866619.609,132207098895.585,1360959069477.49,22340.5939516217,381449581352.471,2.41,23545285267.138,1360.95906947749
France,2001,403310126488.544,37230890648.6579,1370376677298.86,22331.7948343036,376341467532.402,3.37,26968658956.14203,1370.3766772988602
France,2002,428784967658.903,1451944337.96749,1492427756382.43,24144.5727019529,394028136001.569,2.45,34756831657.334045,1492.4277563824298
France,2003,497989403585.685,10242909367.5663,1835095983049.09,29479.5222101175,467250572392.979,2.52,30738831192.705994,1835.0959830490901
France,2004,580996794039.114,25513610482.5624,2109792297237.03,33644.9282220364,553011604110.426,2.24,27985189928.68799,2109.79229723703
France,2005,617386391343.813,33660365152.6492,2192146403028.17,34696.3718316971,606331902819.611,2.46,11054488524.202026,2192.14640302817
France,2006,670507475708.117,51482577203.1678,2317861544690.82,36431.5658906555,670822254333.176,2.3,-314778625.05908203,2317.8615446908198
France,2007,766429838941.689,48449400448.7044,2655816911866.56,41486.1907828787,777995714258.042,2.24,-11565875316.353027,2655.81691186656
France,2008,854598937578.437,68001785591.4721,2926802941585.86,45464.8181385158,877476980121.484,1.72,-22878042543.046997,2926.80294158586
France,2009,698805241356.796,70295520050.0789,2700075882518.98,41728.0884164132,710610400819.062,1.85,-11805159462.265991,2700.07588251898
France,2010,736352883613.335,33671093773.6308,2646230027988.34,40694.8211697025,761083995458.335,2.13,-24731111845.0,2646.2300279883398
France,2011,847885600684.827,20277561650.9937,2870408553990.28,43929.7840873812,891743744380.352,1.59,-43858143695.525024,2870.40855399028
France,2012,814445012227.5,19070158223.0146,2683007095787.23,40863.5814412333,839869181339.766,1.46,-25424169112.26599,2683.00709578723
France,2013,861474336499.179,-1085074995.30347,2816077607875.26,42669.1795111893,879403265969.571,1.49,-17928929470.39209,2816.0776078752597
France,2014,879595852391.448,56550380550.4435,2861236112552.42,43148.0459288416,900072034980.075,2.03,-20476182588.626953,2861.23611255242
France,2015,774108364253.242,36130892033.2982,2442483452642.5,36702.4323733379,776983112152.851,2.02,-2874747899.609009,2442.4834526425
France,2016,778134181664.243,37198001295.6237,2470407619777.13,37024.2157133669,786690099965.255,2.09,-8555918301.011963,2470.40761977713
France,2017,836510836277.649,4974372564.0405,2588868323334.71,38687.1626407164,856501561408.354,1.96,-19990725130.704956,2588.86832333471
France,2018,915638789626.901,62417644380.3536,2781576320884.39,41418.1766484844,942517078079.137,1.83,-26878288452.235962,2781.57632088439
France,2019,895514790269.018,31184687760.5865,2722793515171.76,40408.2848574751,913209092423.528,1.84,-17694302154.51001,2722.7935151717597
France,2020,756174143647.162,9367666365.97017,2647926055110.05,39169.8606000707,801836174373.076,1.48,-45662030725.91406,2647.9260551100497
France,2021,928139254791.07,20202234021.4434,2966433692008.09,43725.0999521245,964103785591.845,1.39,-35964530800.775024,2966.43369200809
France,2022,1020752900059.15,-21135660317.7474,2796302210398.84,41082.8119320747,1098568561003.12,1.33,-77815660943.96997,2796.3022103988396
France,2023,1046168809647.27,30513104655.7174,3051831611384.76,44690.9345395117,1107189988383.75,,-61021178736.47998,3051.83161138476
Germany,1989,311798995110.787,8162668022.83404,1404092925205.45,17829.4609524705,320659348798.502,,-8860353687.715027,1404.09292520545
Germany,1990,404361405398.862,21480192634.5027,1778162195860.07,22385.6778250275,408062314489.771,,-3700909090.9089966,1778.1621958600701
Germany,1991,442049499116.087,18554684780.402,1875792575132.59,23443.3350818536,451492044784.915,,-9442545668.828003,1875.7925751325902
Germany,1992,473020663744.521,21230560030.2816,2141377582968.07,26559.8543879632,483833437695.679,,-10812773951.15802,2141.37758296807
Germany,1993,413275760085.177,17161604969.5758,2078954217437.6,25616.6508772405,413095942269.017,,179817816.15997314,2078.9542174376
Germany,1994,456474629384.115,12338680052.9625,2215282632276.73,27201.9593555204,453912257442.449,,2562371941.6660156,2215.28263227673
Germany,1995,557027432782.858,27779643541.0265,2593053091306.13,31747.2449398447,547772621809.745,,9254810973.113037,2593.0530913061298
Germany,1996,558519625682.35,44975759355.3385,2506576553158.31,30599.7891048363,541957369378.737,,16562256303.612976,2506.57655315831
Germany,1997,548072411459.508,30890962867.5239,2218790886532.82,27046.9565464237,525385743288.969,,22686668170.539,2218.79088653282
Germany,1998,576778926308.77,67478178460.424,2247760364565.97,27395.9440608051,550595754140.269,,26183172168.500977,2247.76036456597
Germany,1999,576268522696.14,53364279142.9306,2213873468586.88,26965.4922773722,564301984739.383,,11966537956.756958,2213.87346858688
Germany,2000,583812721397.648,-149835377773.513,1966980701145.1,23925.8559901991,580553292712.158,2.41,3259428685.48999,1966.9807011451
Germany,2001,600934274699.607,13294434782.6287,1966381496641.73,23878.3641471651,570228511976.772,3.37,30705762722.835083,1966.3814966417299
Germany,2002,655732684858.04,-34067396991.4993,2102350798305.89,25486.5942008748,570622539400.393,2.45,85110145457.6471,2102.35079830589
Germany,2003,792550922245.881,-26100676287.2323,2534715518349.01,30711.1022511331,700765174545.097,2.52,91785747700.78394,2534.71551834901
Germany,2004,967940099859.462,29478097771.3562,2852317768061.78,34566.7359143735,826352918672.203,2.24,141587181187.25903,2852.3177680617796
Germany,2005,1040265986689.49,29088956904.3782,2893393187361.87,35084.4363546269,896950519582.879,2.46,143315467106.61096,2893.3931873618703
Germany,2006,1187129764083.53,60529918995.1478,3046308753670.58,36980.3349948954,1029339915529.41,2.3,157789848554.12,3046.3087536705802
Germany,2007,1415809341318.83,89805058431.6749,3484056680854.91,42350.9217211489,1193186147672.55,2.24,222623193646.28003,3484.05668085491
Germany,2008,1559414079161.72,67071495031.3568,3808786022312.5,46386.3295924799,1339125795807.81,1.72,220288283353.9099,3808.7860223125
Germany,2009,1233301486982.42,43037329587.0515,3479800820863.28,42487.2137101496,1067378170076.17,1.85,165923316906.24988,3479.8008208632796
Germany,2010,1369340699300.0,60605522285.2803,3468154343000.01,42409.9356994694,1192329684250.0,2.13,177011015050.0,3468.1543430000097
Germany,2011,1592275709231.52,10373148758.4484,3824828563521.41,47646.582043143,1406669611896.89,1.59,185606097334.63013,3824.82856352141
Germany,2012,1535179851348.05,33639173474.0941,3597896500945.31,44735.5882319701,1317969624114.84,1.46,217210227233.20996,3597.89650094531
Germany,2013,1586778324179.22,26093621454.5202,3808086291482.36,47220.0102098851,1366940257620.0,1.49,219838066559.21997,3808.0862914823597
Germany,2014,1653100023449.01,88131616218.3504,3965800686309.79,48971.0824722599,1393837781387.05,2.03,259262242061.95996,3965.80068630979
Germany,2015,1458592274325.0,56842205697.6296,3423568450957.03,41911.0109851054,1204648073431.64,2.02,253944200893.3601,3423.5684509570297
Germany,2016,1472560807845.53,58421887790.0001,3537784107980.55,42961.0356905775,1215609853746.31,2.09,256950954099.21997,3537.78410798055
Germany,2017,1592765732735.3,40199657620.2228,3763092263752.95,45526.5999576533,1326138381464.71,1.96,266627351270.5901,3763.09226375295
Germany,2018,1726455112200.0,50675924607.2172,4052008447223.53,48874.8595028454,1483856351069.02,1.83,242598761130.97998,4052.00844722353
Germany,2019,1677314255411.76,95880604151.0811,3957208055215.68,47623.8656074829,1454172759796.08,1.84,223141495615.67993,3957.2080552156804
Germany,2020,1543321676059.15,-31910918320.7417,3940142541354.1,47379.765194548,1332716704314.4,1.48,210604971744.75,3940.1425413541
Germany,2021,1854878618151.13,96711985272.4385,4348297440387.53,52265.6541620571,1630569552864.31,1.39,224309065286.81982,4348.29744038753
Germany,2022,1906115968542.81,117097111868.007,4163596357879.39,49686.1154582583,1802154794791.84,1.33,103961173750.96997,4163.59635787939
Germany,2023,1964261782880.43,72407214132.322,4525703903627.53,54343.2265084958,1782980609876.5,,181281173003.92993,4525.70390362753
India,1989,20770696112.0947,,296042052944.66,349.915155021864,24133353522.4812,,-3362657410.3865013,296.04205294466
India,1990,22639774911.5525,,320979026420.035,371.085936203765,27132072318.021,56.36,-4492297406.468498,320.979026420035
India,1991,22943398073.2995,-73537638.3885329,270105341879.226,305.574055928592,22941358805.152,,2039268.1474990845,270.105341879226
India,1992,25486029046.6975,-276512438.973893,288208070278.013,319.182472626315,27639649994.19,27.01,-2153620947.4925003,288.208070278013
India,1993,27466541462.9135,-550019384.367517,279295648982.529,302.884806246174,27419354118.7633,,47187344.15019989,279.295648982529
India,1994,32361214431.4321,-890688166.019256,327274843459.429,347.73421473994,33349501147.7089,,-988286716.2768021,327.274843459429
India,1995,39068855117.8518,-2026439031.09277,360281909643.489,375.17600537305,43318425767.7707,,-4249570649.9188995,360.28190964348903
India,1996,40803004618.1754,-2186732315.37831,392896866204.516,401.046754673579,45357266003.2021,23.72,-4554261385.026703,392.896866204516
India,1997,44459225642.5392,-3464411051.97412,415867563592.829,416.228116203753,49607467421.0891,20.13,-5148241778.549904,415.86756359282896
India,1998,46426465025.0477,-2587058630.28267,421351317224.941,413.630864056851,53431564328.4224,,-7005099303.374702,421.351317224941
India,1999,52544483402.6936,-2089233597.0623,458821052615.79,441.927991436397,61314704757.0345,28.51,-8770221354.340897,458.82105261579
India,2000,60878472821.2004,-3074684332.47754,468395521654.458,442.750218937263,65124245375.0531,23.36,-4245772553.8526993,468.395521654458
India,2001,60963415576.6447,-4073961343.30435,485440139204.171,450.357900514128,65218276482.1322,26.51,-4254860905.487503,485.44013920417103
India,2002,73452895951.6331,-3947895991.54349,514939140318.756,469.149928973927,78498759285.7313,23.08,-5045863334.09819,514.939140318756
India,2003,90838575243.7621,-2444138426.15878,607700687237.318,544.143133545002,95071869378.5573,21.45,-4233294134.7951965,607.700687237318
India,2004,126648472020.752,-3592188066.40631,709152728830.775,624.258826510066,139310848797.436,22.96,-12662376776.684006,709.152728830775
India,2005,160838260680.778,-4628652265.34265,820383763511.445,710.488080408949,183736617243.328,13.9,-22898356562.549988,820.383763511445
India,2006,199973922363.783,-5992285935.49798,940259888787.721,801.668353659022,229955027127.372,8.99,-29981104763.58902,940.2598887877209
India,2007,253077526013.168,-8201628957.6202,1216736438834.96,1021.88707706826,302803952552.5,11.99,-49726426539.332,1216.73643883496
India,2008,288902044820.698,-24149749829.7088,1198895139005.92,992.519584923828,350926955799.106,5.98,-62024910978.40802,1198.8951390059199
India,2009,273752124889.211,-19485789182.6878,1341888016994.9,1094.94974598436,347177967968.316,6.84,-73425843079.10498,1341.8880169949
India,2010,375353514026.267,-11428785745.7844,1675615519484.96,1347.51939071367,449974370198.802,6.1,-74620856172.53497,1675.61551948496
India,2011,447384417625.093,-23890659988.138,1823051829894.55,1445.46127486037,566667744819.908,7.33,-119283327194.81494,1823.05182989455
India,2012,448400477361.254,-15442447342.912,1827637590410.41,1429.32199520032,571306554042.386,6.32,-122906076681.13196,1827.63759041041
India,2013,472180271340.149,-26388082470.2872,1856721507621.58,1432.84397512195,527555307105.956,6.34,-55375035765.80701,1856.72150762158
India,2014,468345815420.933,-22890162761.0214,2039126479154.52,1553.88396075118,529239428328.665,,-60893612907.731995,2039.12647915452
India,2015,416787940847.812,-36495216490.7242,2103588360044.94,1583.99815907985,465097595426.184,7.32,-48309654578.37201,2103.58836004494
India,2016,439642578076.358,-39411278940.2538,2294796885663.16,1707.50892912243,480169055768.282,6.35,-40526477691.92401,2294.79688566316
India,2017,498258808231.521,-28875941053.3143,2651474262755.45,1950.10468280866,582018012521.568,5.78,-83759204290.047,2651.47426275545
India,2018,538635186135.438,-30699661201.0258,2702929641648.74,1966.25455171679,640300806738.542,4.88,-101665620603.104,2702.92964164874
India,2019,529245063167.215,-37469945322.0152,2835606256558.19,2041.42863698585,602315056052.526,6.59,-73069992885.31097,2835.60625655819
India,2020,499728529072.629,-53239697390.8242,2674851578587.27,1907.04251637669,510244747372.174,6.19,-10516218299.544983,2674.85157858727
India,2021,677769255428.552,-27488543123.438,3167270623260.47,2239.61384367482,760902891806.013,5.87,-83133636377.46094,3167.27062326047
India,2022,778021514754.531,-35408008686.0269,3353470496886.33,2352.61392452078,897550749081.828,4.59,-119529234327.297,3353.4704968863302
India,2023,779446235323.272,-14200416753.5791,3567551674623.01,2480.79208721621,858839501091.307,,-79393265768.03503,3567.5516746230096
Israel,1989,15661068148.612,-51000000.0,52349172911.65,11586.8023266158,17498694948.8624,,-1837626800.2504005,52.34917291165
Israel,1990,17525346195.8139,48400000.0,61905208272.8464,13284.3794576924,20435030750.9176,,-2909684555.1036987,61.905208272846394
Israel,1991,17215433285.0687,-14600000.0,70871081524.7686,14320.2831935277,22534066078.7153,,-5318632793.646603,70.8710815247686
Israel,1992,19671315928.5918,-9000000.0,79314801236.3003,15482.1005731603,24174229596.1937,,-4502913667.601898,79.3148012363003
Israel,1993,21079128299.3534,10500000.0,79712276313.6525,15151.5446328935,27078712766.3333,3.79,-5999584466.9799,79.7122763136525
Israel,1994,23957081465.2453,300000000.0,90576930828.5411,16776.6124890797,30559295274.1523,,-6602213808.9070015,90.57693082854111
Israel,1995,27574137415.7341,-530100000.0,105307707634.576,18991.4711694457,35385049646.3322,,-7810912230.598099,105.307707634576
Israel,1996,29756556067.2996,-582000000.0,114866706144.061,20180.3770456889,37635429394.9933,,-7878873327.693703,114.866706144061
Israel,1997,31993100249.3187,-711100000.0,119246040470.807,20432.8376406454,37372876442.2798,,-5379776192.961102,119.246040470807
Israel,1998,33142548880.2926,-613100000.0,120358023999.368,20157.0966336239,36163785163.5483,,-3021236283.255703,120.358023999368
Israel,1999,38230064980.5541,-3320800000.0,121166507717.951,19782.2869743593,41207816991.5694,5.64,-2977752011.015297,121.166507717951
Israel,2000,47074289358.1537,-4712200000.0,136225025139.185,21660.840378309,47200353174.8951,3.83,-126063816.74140167,136.225025139185
Israel,2001,40929690657.9166,-1084000000.0,134620909004.446,20907.1143041538,44056161875.5499,3.66,-3126471217.633293,134.620909004446
Israel,2002,39834100215.2898,-601700000.0,125055466461.227,19034.3175740071,43363164337.8783,3.47,-3529064122.588501,125.055466461227
Israel,2003,43972025208.0543,-1236300000.0,131314894271.096,19629.4145135202,44932258843.6793,3.28,-960233635.625,131.314894271096
Israel,2004,52999107541.2762,1594000000.0,139899274431.058,20546.2291718399,52895805443.9982,1.22,103302097.27799988,139.89927443105802
Israel,2005,58115070080.4421,-1873100000.0,147103301914.121,21226.7213913393,58276845600.1961,1.33,-161775519.7539978,147.103301914121
Israel,2006,62886350374.7924,1042400000.0,158722866825.261,22502.0722209991,62604470577.674,2.42,281879797.11839294,158.72286682526098
Israel,2007,72464156179.2556,-193600000.0,184068518293.128,25635.926838502,74068304082.1791,1.37,-1604147902.9234924,184.068518293128
Israel,2008,83292363433.6678,-3065000000.0,220552442865.106,30176.2865128483,84526755852.8428,1.54,-1234392419.175003,220.55244286510597
Israel,2009,68979223355.2883,-2855800000.0,212453641380.363,28381.6449423376,63709279556.4937,3.49,5269943798.794601,212.453641380363
Israel,2010,81421780033.2979,958700000.0,238912622309.59,31338.5568903917,76948094063.2125,,4473685970.085403,238.91262230959
Israel,2011,92735049966.8021,-1252100000.0,267406179630.431,34433.822610733,93102560441.5393,2.94,-367510474.73721313,267.406179630431
Israel,2012,92621172360.8391,-6741700000.0,262917911696.944,33236.5731239421,92906238306.0976,1.35,-285065945.25849915,262.917911696944
Israel,2013,98956775008.0201,-7984000000.0,297634145181.876,36929.6042163752,93510223014.0945,1.42,5446551993.925598,297.63414518187597
Israel,2014,100187958104.208,-1523400000.0,314090281098.682,38230.4954049785,95211297609.6481,1.46,4976660494.559891,314.090281098682
Israel,2015,94578019810.4713,-367800000.0,302722655203.465,36123.9907881129,85080552377.6854,2.83,9497467432.785904,302.722655203465
Israel,2016,96485761649.7565,2590400000.0,320958936788.842,37556.6272863143,90475538679.1879,2.81,6010222970.5686035,320.958936788842
Israel,2017,104759044542.617,-9268600000.0,357227098125.658,40997.9110240274,97865944639.5186,1.85,6893099903.098404,357.227098125658
Israel,2018,112528745036.335,-15427900000.0,375149611117.199,42233.2610344935,109319813000.482,,3208932035.853012,375.14961111719896
Israel,2019,116915080030.522,-8673400000.0,399651065197.871,44140.8289372511,109553204402.06,,7361875628.462006,399.651065197871
Israel,2020,113709427891.53,-16389800000.0,411728563086.632,44679.7715799755,96895086559.1227,,16814341332.407303,411.728563086632
Israel,2021,143613473131.709,-8580700000.0,489708278893.053,52255.6159050999,126028374221.792,2.88,17585098909.917007,489.708278893053
Israel,2022,166574782134.669,-12784400000.0,525000415276.678,54930.7261602593,151074943827.189,2.62,15499838307.480011,525.0004152766779
Israel,2023,157185765196.416,-5382600000.0,513611100815.691,52642.4267486308,138285723513.418,,18900041682.997986,513.611100815691
Italy,1989,171957047699.69,-50705837.9363787,930801709003.669,16424.4301587005,172137694044.595,,-180646344.90499878,930.801709003669
Italy,1990,215684612152.553,1005044782.63723,1183945130898.51,20873.7834092719,213356119909.502,,2328492243.050995,1183.9451308985101
Italy,1991,212306182300.609,5209240507.89156,1249092439519.28,22007.1350964074,209893731855.783,,2412450444.8260193,1249.09243951928
Italy,1992,230753561665.357,1170141467.79439,1323204350353.5,23297.0460325456,230163868028.28,,589693637.0769958,1323.2043503535
Italy,1993,217241821090.193,3487994303.03635,1067412587670.73,18781.9529427137,184878139534.884,,32363681555.30899,1067.41258767073
Italy,1994,240410654418.828,3038264199.92199,1101750159702.21,19382.2002150155,204277773775.216,,36132880643.612,1101.7501597022099
Italy,1995,289818376322.358,2157553236.26946,1177369428265.78,20712.1798690324,246820753595.626,,42997622726.731964,1177.36942826578
Italy,1996,311106412347.848,5158060151.91964,1314776508972.27,23122.9337219116,251644873886.309,,59461538461.53903,1314.77650897227
Italy,1997,299911323328.786,6714677948.90125,1244988176443.84,21883.9872666651,253824124602.092,,46087198726.694,1244.98817644384
Italy,1998,305612021857.923,9814894092.50167,1272729786996.77,22365.1837644545,267089327534.292,,38522694323.63098,1272.72978699677
Italy,1999,290576914388.958,-6679306475.60436,1255004736463.98,22049.9990620261,268274689595.985,,22302224792.973022,1255.00473646398
Italy,2000,293867190140.393,-6680942868.07591,1149661363439.38,20190.0035636084,284121969413.177,2.41,9745220727.216003,1149.6613634393798
Italy,2001,299586464835.355,1491397212.77082,1172041488805.87,20571.4787737914,284831774435.394,3.37,14754690399.960999,1172.0414888058701
Italy,2002,311627059267.452,-5733738820.62911,1281746271196.04,22463.5222129968,301961782874.981,2.45,9665276392.471008,1281.74627119604
Italy,2003,367620453604.666,-17427335596.6755,1582930016538.82,27618.9417740066,360433739169.137,2.52,7186714435.528992,1582.9300165388202
Italy,2004,433747867067.607,-5785237059.70434,1812808753294.75,31425.8208728669,423101431530.04,2.24,10646435537.567017,1812.80875329475
Italy,2005,457141717037.821,15534668074.9026,1864982261286.85,32171.793374715,458978118688.871,2.46,-1836401651.0499878,1864.9822612868502
Italy,2006,510265819331.293,1965501866.07261,1958563654385.64,33684.7200358552,526275457690.588,2.3,-16009638359.294983,1958.56365438564
Italy,2007,605527905412.943,54017799728.5608,2222524108127.65,38031.9709472716,613038536211.257,2.24,-7510630798.313965,2222.52410812765
Italy,2008,646508511780.156,77206581818.6664,2417508414187.19,41095.4063415012,664125662011.484,1.72,-17617150231.328003,2417.50841418719
Italy,2009,492210347985.156,1760503505.25074,2209484319012.65,37388.4537139699,505183498247.5,1.85,-12973150262.343994,2209.48431901265
Italy,2010,534489188500.001,20798672662.4822,2144936254535.0,36184.7118698678,573630177653.334,2.13,-39140989153.33301,2144.936254535
Italy,2011,612801201125.488,17407273694.7305,2306974020278.21,38851.3881339353,643858645924.126,1.59,-31057444798.63794,2306.97402027821
Italy,2012,587109493950.117,6761814775.11469,2097929495121.68,35235.7989058242,564328520572.5,1.46,22780973377.616943,2097.92949512168
Italy,2013,606723898231.296,742935955.516196,2153225581941.46,35747.707952689,556753988253.021,1.49,49969909978.275024,2153.22558194146
Italy,2014,622037943985.684,3443516886.53276,2173255507985.84,35750.7197500382,561398127135.449,2.03,60639816850.234985,2173.2555079858403
Italy,2015,537833599948.242,2120880782.65147,1845428048839.1,30387.1293187854,485192095144.804,2.02,52641504803.43799,1845.4280488391
Italy,2016,543464412394.32,-11998104744.4285,1887111188176.93,31126.3246947273,483730717980.818,2.09,59733694413.502014,1887.11118817693
Italy,2017,593973032350.354,3077060053.39222,1970720904584.71,32554.14668453,540827068435.177,1.96,53145963915.177,1970.72090458471
Italy,2018,646909638534.745,-5593749247.93934,2099435266458.67,34746.3441392416,597530269520.862,1.83,49379369013.882935,2099.43526645867
Italy,2019,625065757185.881,1681603982.41339,2019606796583.53,33812.788724868,560326098494.117,1.84,64739658691.76404,2019.60679658353
Italy,2020,547940256804.982,21788625430.1752,1907481094079.23,32091.4866621366,480945200912.997,1.48,66995055891.984985,1907.48109407923
Italy,2021,679294123497.663,29959682048.1237,2179207773596.09,36852.5425414951,634811260435.649,1.39,44482863062.013916,2179.20777359609
Italy,2022,738509433518.875,-15930452555.5196,2102995942720.44,35635.7442204098,776766269322.766,1.33,-38256835803.89099,2102.99594272044
Italy,2023,776101317710.602,-11443288159.7398,2300941152991.81,39003.3160954123,748044559365.503,,28056758345.099,2300.94115299181
Japan,1989,308916648062.834,,3109455047823.93,25265.9487590208,267623386902.708,4.07,41293261160.12598,3109.4550478239303
Japan,1990,320186473746.914,,3185904656663.85,25801.3950393094,295830930469.465,3.61,24355543277.448975,3185.90465666385
Japan,1991,350804377213.606,,3648065760648.88,29428.4289039469,297072083274.254,4.04,53732293939.35199,3648.06576064888
Japan,1992,378894650114.132,,3980702922117.66,31992.7902119161,298544112851.585,4.24,80350537262.547,3980.7029221176604
Japan,1993,404418972317.798,,4536940479038.25,36345.2441262708,308939565351.113,4.36,95479406966.685,4536.94047903825
Japan,1994,441885061609.779,,4998797547740.97,39933.5150564874,348440138619.557,4.3,93444922990.22198,4998.79754774097
Japan,1995,488922980748.377,,5545563663889.7,44197.6191013908,420000722945.877,5.22,68922257802.5,5545.5636638897
Japan,1996,458650604757.715,26440694396.687,4923391533851.63,39150.0396308089,440058798059.554,5.59,18591806698.16101,4923.39153385163
Japan,1997,466482189982.883,21500257090.9753,4492448605638.94,35638.2319556941,422282171634.396,4.33,44200018348.487,4492.4486056389405
Japan,1998,425156200703.868,17293070283.0307,4098362709531.24,32423.7556133801,353663297055.199,4.17,71492903648.669,4098.36270953124
Japan,1999,454583045085.983,9481358283.57827,4635982224063.88,36610.1683163197,385717972939.28,4.42,68865072146.70294,4635.98222406388
Japan,2000,519863963884.546,34339324665.5464,4968359075956.59,39169.3595701504,452064900176.773,4.49,67799063707.77301,4968.35907595659
Japan,2001,440830946383.947,30734354195.9472,4374711694090.87,34406.1824638092,414845357770.868,5.75,25985588613.07904,4374.71169409087
Japan,2002,454066577343.924,19344378431.0937,4182846045873.61,32820.7936433254,401205059495.326,5.52,52861517848.59802,4182.84604587361
Japan,2003,518203970379.571,25693039711.6221,4519561645253.53,35387.0374203599,445643407643.175,5.23,72560562736.396,4519.5616452535305
Japan,2004,625646760881.018,33085785004.4804,4893116005656.56,38298.9801712303,532277504089.913,4.0,93369256791.10492,4893.1160056565595
Japan,2005,667510447457.861,46205395349.6241,4831467035389.8,37812.8950199948,599781161368.994,3.58,67729286088.86694,4831.4670353898
Japan,2006,720499607478.291,60549386566.5095,4601663122649.92,35991.546002862,660752902210.073,2.82,59746705268.21802,4601.66312264992
Japan,2007,791798969881.999,51358484681.0391,4579750920354.81,35779.0245416427,711118565477.884,2.74,80680404404.11499,4579.75092035481
Japan,2008,880163893981.685,89018788218.0295,5106679115127.3,39876.3039685725,862718956651.3,2.49,17444937330.38501,5106.6791151273
Japan,2009,656932075524.126,61450645280.7978,5289493117993.89,41308.9968370512,633184104751.411,2.91,23747970772.714966,5289.493117993889
Japan,2010,859167320527.627,72215534552.4662,5759071769013.11,44968.1562349739,782080174983.161,2.2,77087145544.46594,5759.0717690131105
Japan,2011,920913976671.968,117685915139.306,6233147172341.35,48760.0789494211,961182364174.189,2.37,-40268387502.22095,6233.14717234135
Japan,2012,904146988796.653,117085390234.641,6272362996105.03,49145.2804308193,1007099152148.38,2.27,-102952163351.72705,6272.36299610503
Japan,2013,822722049495.078,145036160640.494,5212328181166.18,40898.6478964744,948362884511.706,1.18,-125640835016.62805,5212.32818116618
Japan,2014,852990577902.813,118172189795.213,4896994405353.29,38475.3952461838,980024678767.845,2.29,-127034100865.03198,4896.99440535329
Japan,2015,775051882733.212,133162791214.283,4444930651964.18,34960.6393843385,799671850411.581,2.3,-24619967678.36902,4444.93065196418
Japan,2016,803489014102.661,137656207444.103,5003677627544.24,39375.4731620781,763174802438.923,2.55,40314211663.73804,5003.67762754424
Japan,2017,867405253150.188,154947985695.973,4930837369151.42,38834.0529341227,829947425329.105,2.51,37457827821.08301,4930.83736915142
Japan,2018,923234601723.625,134928938193.782,5040880939324.86,39751.1330982711,922228472388.616,2.45,1006129335.0090332,5040.88093932486
Japan,2019,893782209080.495,218323780735.708,5117993853016.51,40415.9567649547,908591904960.75,3.53,-14809695880.255005,5117.99385301651
Japan,2020,785057625362.297,87533471953.2795,5055587093501.59,40040.7655055923,798645128766.751,2.22,-13587503404.45398,5055.58709350159
Japan,2021,912549013982.719,174664675618.35,5034620784584.98,40058.5373276179,938755726387.128,1.84,-26206712404.409058,5034.62078458498
Japan,2022,916904220798.187,126856646628.759,4256410760723.75,34017.2718075024,1076957434698.96,1.64,-160053213900.77295,4256.41076072375
Japan,2023,917023213163.202,162085534167.902,4204494802431.55,33766.5268253808,981837994996.069,,-64814781832.86694,4204.49480243155
"Korea, Rep.",1989,67556196550.8378,-660100000.0,246928837311.406,5817.06556721983,63102887785.0188,10.61,4453308765.819,246.928837311406
"Korea, Rep.",1990,70825424625.8853,87600000.0,283365844161.092,6609.99728316175,72983629293.485,9.54,-2158204667.599701,283.36584416109196
"Korea, Rep.",1991,78616541304.1709,136000000.0,330647042837.334,7636.9480638849,86128609498.3141,,-7512068194.143204,330.64704283733397
"Korea, Rep.",1992,85583336364.9919,374100000.0,355524903068.056,8126.66206183629,87768564382.4358,8.53,-2185228017.4439087,355.524903068056
"Korea, Rep.",1993,92953674158.8208,611200000.0,392665710525.411,8884.91946408987,91279887096.9269,,1673787061.8939056,392.665710525411
"Korea, Rep.",1994,111597197969.048,1453500000.0,463619823515.164,10385.3904572997,114027977991.795,,-2430780022.746994,463.619823515164
"Korea, Rep.",1995,145748724868.344,1381400000.0,566581003128.204,12564.7243743092,151502457040.844,6.84,-5753732172.5,566.581003128204
"Korea, Rep.",1996,151333458387.205,2170700000.0,610167053824.007,13402.994604707,169943736945.327,15.02,-18610278558.12201,610.167053824007
"Korea, Rep.",1997,161499993903.011,1110200000.0,569755022973.035,12398.4904543462,166240403023.602,13.45,-4740409120.591003,569.755022973035
"Korea, Rep.",1998,151556684650.83,-1768900000.0,383331833681.821,8281.71948271445,111015931008.514,13.61,40540753642.31598,383.33183368182097
"Korea, Rep.",1999,162143920084.568,-6759100000.0,497514040642.262,10672.4475586765,135184170949.146,5.9,26959749135.421997,497.51404064226205
"Korea, Rep.",2000,195550495929.334,-6667300000.0,576179387819.613,12257.0206622345,185276192960.39,9.55,10274302968.944,576.179387819613
"Korea, Rep.",2001,174087560087.393,-3778800000.0,547656279894.587,11561.2071745115,166684972965.805,10.41,7402587121.588013,547.656279894587
"Korea, Rep.",2002,186748689121.303,-2037900000.0,627246933729.618,13165.08362497,179268961271.559,9.98,7479727849.744019,627.246933729618
"Korea, Rep.",2003,220637266658.957,-1991200000.0,702714855193.904,14672.8057539465,209245744134.301,9.7,11391522524.656006,702.7148551939041
"Korea, Rep.",2004,291526414644.93,-6098800000.0,793175561887.027,16496.1316167114,263821125150.089,9.25,27705289494.841003,793.175561887027
"Korea, Rep.",2005,329861919056.686,-5313200000.0,934901071332.984,19402.5026259549,308907471189.563,7.95,20954447867.122986,934.901071332984
"Korea, Rep.",2006,375223465252.325,3401200000.0,1053216909887.56,21743.4774514254,368894013922.426,7.43,6329451329.898987,1053.21690988756
"Korea, Rep.",2007,438465966315.25,13004100000.0,1172614086539.86,24086.4104391677,427797123573.848,7.13,10668842741.401978,1172.6140865398602
"Korea, Rep.",2008,498972049006.635,8349000000.0,1047339010225.25,21350.427979823,501407971186.702,8.26,-2435922180.0670166,1047.33901022525
"Korea, Rep.",2009,426523458607.755,8378600000.0,943941876218.743,19143.8516053025,386527844126.146,7.8,39995614481.60901,943.941876218743
"Korea, Rep.",2010,538712363592.342,18724200000.0,1143672241149.72,23079.2601257735,506599450045.829,7.19,32112913546.513,1143.6722411497199
"Korea, Rep.",2011,668476213447.114,19874700000.0,1253289537500.81,25097.595426845,654575349793.225,7.32,13900863653.889038,1253.28953750081
"Korea, Rep.",2012,691347149426.783,21102800000.0,1278046536287.01,25459.1689000965,656459355451.117,7.59,34887793975.666016,1278.04653628701
"Korea, Rep.",2013,703026030096.371,15551200000.0,1370632955321.2,27179.5170146052,639537800832.433,7.85,63488229263.93799,1370.6329553212
"Korea, Rep.",2014,710051954712.967,18724900000.0,1484488526271.8,29252.9312377352,635109038410.395,6.1,74942916302.57202,1484.4885262718
"Korea, Rep.",2015,630243710500.662,19583000000.0,1466038936206.43,28737.4391706499,529869468434.793,5.72,100374242065.86896,1466.03893620643
"Korea, Rep.",2016,601861268514.151,17785200000.0,1499679823909.61,29280.4403170048,501960211670.296,8.67,99901056843.85498,1499.6798239096101
"Korea, Rep.",2017,664392545080.428,16156500000.0,1623074183501.9,31600.7358741365,587337161918.895,5.05,77055383161.53296,1623.0741835018998
"Korea, Rep.",2018,719710064860.371,26037800000.0,1725373496825.43,33447.1562836166,643142886151.538,4.83,76567178708.83301,1725.37349682543
"Korea, Rep.",2019,648610576582.722,25604700000.0,1651422932447.77,31902.4169048194,602460189255.229,,46150387327.49304,1651.42293244777
"Korea, Rep.",2020,597865413028.15,26067500000.0,1644312831906.17,31721.2989141857,537270248786.333,5.48,60595164241.81702,1644.31283190617
"Korea, Rep.",2021,761508986786.767,43940200000.0,1818432106880.04,35125.5224984723,696863687514.079,4.85,64645299272.68799,1818.43210688004
"Korea, Rep.",2022,808029031833.027,40754300000.0,1673916511799.71,32394.6833725203,807909863148.844,5.66,119168684.1829834,1673.91651179971
"Korea, Rep.",2023,753554689669.038,19362200000.0,1712792854202.37,33121.3712885508,752669851512.163,,884838156.875,1712.79285420237
Turkiye,1989,17357728557.9642,-663000000.0,107127191328.935,1948.59179454794,19048020735.1555,,-1690292177.1912994,107.127191328935
Turkiye,1990,20135262552.7022,-700000000.0,150655500191.644,2689.52621921233,26482062092.7558,,-6346799540.0535965,150.65550019164402
Turkiye,1991,20904913710.4506,-783000000.0,151034731543.624,2649.27259974439,25124448705.6568,,-4219534995.2061996,151.034731543624
Turkiye,1992,22898733993.0151,-779000000.0,159104772991.851,2743.65320297936,27596929569.2666,,-4698195576.251503,159.104772991851
Turkiye,1993,24669695038.6891,-622000000.0,180415757851.616,3057.93737480422,34898334091.9436,6.1,-10228639053.254505,180.415757851616
Turkiye,1994,27909720017.5622,-559000000.0,130650447499.071,2176.2801813809,26631422878.1789,,1278297139.383297,130.650447499071
Turkiye,1995,33680386083.5424,-772000000.0,169319579016.25,2774.61627202847,41231056821.8999,6.74,-7550670738.357502,169.31957901625
Turkiye,1996,39092257232.3567,-612000000.0,181464408820.097,2929.15394930619,50495478164.7319,3.19,-11403220932.375206,181.464408820097
Turkiye,1997,46675372205.5773,-554000000.0,189878399894.643,3020.99347061272,57701398610.6081,5.65,-11026026405.0308,189.878399894643
Turkiye,1998,57026806124.4841,-573000000.0,275941990764.18,4329.56243985573,54441094030.469,3.2,2585712094.0150986,275.94199076418
Turkiye,1999,48230414558.3751,-138000000.0,256395932738.435,3969.47359406585,48340913551.8873,5.34,-110498993.5121994,256.395932738435
Turkiye,2000,54533059615.9106,-112000000.0,274294623164.043,4192.44316738494,61642883853.4977,2.38,-7109824237.587105,274.294623164043
Turkiye,2001,54840416844.8125,-2855000000.0,201753123806.695,3045.55413956926,45776842136.1828,1.95,9063574708.6297,201.75312380669502
Turkiye,2002,60314815429.1394,-939000000.0,240249071871.106,3583.19745897158,54962440934.538,1.84,5352374494.601395,240.249071871106
Turkiye,2003,72376416980.6481,-1222000000.0,314595572145.767,4637.88218501529,73045693374.2425,1.92,-669276393.5943909,314.59557214576705
Turkiye,2004,96593448854.7123,-2005000000.0,408865430220.331,5960.77898909049,103038524359.592,2.18,-6445075504.8797,408.865430220331
Turkiye,2005,110762762330.277,-8967000000.0,506314717661.655,7303.01388860245,122862782500.225,1.5,-12100020169.948013,506.31471766165504
Turkiye,2006,124756280465.651,-19261000000.0,557076157773.479,7953.07848024969,146890048114.989,1.47,-22133767649.338013,557.076157773479
Turkiye,2007,149137962562.868,-19941000000.0,681321124295.914,9711.22376120832,176879760094.74,2.06,-27741797531.87198,681.3211242959139
Turkiye,2008,181566284088.936,-17302000000.0,770449132861.373,10843.5036940489,207882299722.94,1.97,-26316015634.003998,770.4491328613731
Turkiye,2009,151740208198.921,-7032000000.0,649289324627.732,9012.99945793034,152043222792.846,2.21,-303014593.9250183,649.2893246277321
Turkiye,2010,164671478238.998,-7617000000.0,776967266305.53,10622.7020439723,198129231745.837,2.35,-33457753506.83902,776.9672663055301
Turkiye,2011,192867783671.8,-13812000000.0,838785289694.35,11300.7852215681,254239800352.845,2.65,-61372016681.04501,838.78528969435
Turkiye,2012,214511123156.39,-9638000000.0,880555885492.269,11713.2849831139,250693618990.19,,-36182495833.79999,880.555885492269
Turkiye,2013,227889235663.169,-9927000000.0,957799120008.32,12578.1878632,275216770005.589,2.78,-47327534342.41998,957.79912000832
Turkiye,2014,236663554457.717,-6287000000.0,938934609296.966,12165.220135038,268166855331.083,,-31503300873.365997,938.934609296966
Turkiye,2015,212027217924.647,-14167000000.0,864313810469.009,11049.9951100942,229538119984.162,3.19,-17510902059.514984,864.313810469009
Turkiye,2016,200753327384.372,-10697000000.0,869682881593.041,10970.0458948862,219548635276.238,2.74,-18795307891.865997,869.682881593041
Turkiye,2017,223675641540.481,-8487000000.0,858988492853.742,10695.550196231,255314971383.993,3.45,-31639329843.512024,858.988492853742
Turkiye,2018,243293992258.257,-8845000000.0,778972108040.602,9568.83506330228,244453305856.842,2.5,-1159313598.585022,778.972108040602
Turkiye,2019,251696740784.294,-6496000000.0,761005915750.925,9215.44049888114,229207956545.671,3.13,22488784238.623016,761.005915750925
Turkiye,2020,209768260359.943,-4430000000.0,720338490327.248,8638.73903848102,232114423840.408,2.85,-22346163480.464996,720.338490327248
Turkiye,2021,293050134140.709,-6444000000.0,819865223976.115,9743.21277804855,289730104250.561,3.22,3320029890.1480103,819.865223976115
Turkiye,2022,350004410847.635,-8731000000.0,907118434653.505,10674.504157865,386304799043.559,4.31,-36300388195.92401,907.118434653505
Turkiye,2023,356899778676.606,-4988000000.0,1118252964260.77,13105.6585678319,384240318096.721,,-27340539420.11499,1118.25296426077
United Arab Emirates,1989,,,41464995913.9199,23166.7305903787,,,,41.4649959139199
United Arab Emirates,1990,,,50701443748.2975,26709.993440327,,,,50.7014437482975
United Arab Emirates,1991,,,51552165622.4462,25690.9686321448,,,,51.552165622446196
United Arab Emirates,1992,,,54239171887.769,25648.2727760844,,,,54.239171887769
United Arab Emirates,1993,,,55625170253.337,25032.7822702907,,,,55.625170253337
United Arab Emirates,1994,,,59305093979.842,25472.6396578979,,,,59.305093979842006
United Arab Emirates,1995,,,65743666575.8649,27003.2006807782,,,,65.74366657586489
United Arab Emirates,1996,,,73571233996.1863,28323.1650870532,,,,73.5712339961863
United Arab Emirates,1997,,,78839008444.5655,27982.7957040564,,,,78.83900844456551
United Arab Emirates,1998,,,75674336283.1858,24889.4269192279,,,,75.67433628318581
United Arab Emirates,1999,,,84445473110.9598,25855.8605046587,,,,84.4454731109598
United Arab Emirates,2000,,,104337372362.151,29865.502347066,,,,104.337372362151
United Arab Emirates,2001,50787202178.3526,,103311640571.818,27745.1708087672,42053369639.2104,,8733832539.142197,103.31164057181799
United Arab Emirates,2002,54362695711.3683,,109816201497.617,27753.6089526346,47845064669.8434,,6517631041.524902,109.816201497617
United Arab Emirates,2003,69538461538.4615,,124346358066.712,29659.5428567811,57668073519.401,,11870388019.060501,124.346358066712
United Arab Emirates,2004,93968596324.03,,147824370319.946,33376.7152295209,78428046289.9932,,15540550034.036804,147.824370319946
United Arab Emirates,2005,122070878148.4,,180617467964.602,38719.3138307623,93862491490.8101,4.2,28208386657.58989,180.61746796460199
United Arab Emirates,2006,152433690946.222,,222116541865.214,44342.6048322482,112930428863.172,,39503262083.04999,222.116541865214
United Arab Emirates,2007,186690265486.726,,257916133424.098,45854.7325158162,166134240980.259,3.69,20556024506.46701,257.916133424098
United Arab Emirates,2008,248808168822.328,,315474615738.598,50054.1700681803,219714363512.594,3.62,29093805309.73401,315.474615738598
United Arab Emirates,2009,201958883594.282,,253547358747.447,37803.0663738777,187139823008.85,3.62,14819060585.432007,253.547358747447
United Arab Emirates,2010,238328114363.513,,300189052694.029,43696.6712597922,178610755616.065,,59717358747.448,300.189052694029
United Arab Emirates,2011,315867937372.362,,360832739558.385,50789.0505418347,215973042886.317,3.87,99894894486.04501,360.832739558385
United Arab Emirates,2012,375513955071.477,,384610125384.033,52034.4762466073,239748672566.372,3.53,135765282505.10498,384.61012538403304
United Arab Emirates,2013,392244520081.688,,400218529747.597,52023.5170958751,252509462219.197,3.61,139735057862.491,400.21852974759696
United Arab Emirates,2014,402728114363.513,,414105366758.911,51381.4069909213,275110959836.624,3.21,127617154526.88898,414.10536675891103
United Arab Emirates,2015,358529611980.939,,370275469560.166,43534.9972681733,268999319264.806,2.99,89530292716.13303,370.275469560166
United Arab Emirates,2016,360626276378.489,,369255326235.771,41326.4018161834,270714771953.71,2.82,89911504424.77902,369.255326235771
United Arab Emirates,2017,382137508509.19,,390516804016.501,42340.5917145576,285336963921.035,4.75,96800544588.15503,390.516804016501
United Arab Emirates,2018,400217835262.083,,427049432149.345,45689.8570040215,281535738597.685,4.4,118682096664.39801,427.04943214934497
United Arab Emirates,2019,404863172226.004,,417989721734.494,44251.4541390148,306004084411.164,3.94,98859087814.84003,417.989721734494
United Arab Emirates,2020,350277358747.447,,349473015336.939,37173.8754100281,297228174693.051,3.28,53049184054.395996,349.473015336939
United Arab Emirates,2021,425155888359.428,,415178792769.884,43360.0211014806,347528931245.745,2.63,77626957113.68298,415.17879276988396
United Arab Emirates,2022,521897345132.743,,502731935197.487,49899.0652978649,427991831177.672,,93905513955.07098,502.731935197487
United Arab Emirates,2023,558401542999.774,,514130432653.081,49040.6947525825,481851599727.706,,76549943272.06805,514.130432653081
United Kingdom,1989,209783465314.136,4270004425.58102,926884816753.927,16239.2821960944,241238426047.12,,-31454960732.98401,926.884816753927
United Kingdom,1990,254944208096.591,-13379913178.091,1093169389204.55,19095.4669984608,272323540482.955,,-17379332386.363983,1093.16938920455
United Kingdom,1991,258132019400.353,302418661.365092,1142797178130.51,19900.7266505069,259552895943.563,,-1420876543.2099915,1142.79717813051
United Kingdom,1992,270326024921.025,3139617820.2475,1179659529659.53,20487.1707852878,275735375570.376,,-5409350649.350983,1179.65952965953
United Kingdom,1993,263472140071.986,10735545430.3216,1061388722255.55,18389.0195675099,264364892021.596,,-892751949.6100159,1061.38872225555
United Kingdom,1994,297312578818.488,24171411205.4612,1140489745944.29,19709.2380983653,294236152433.425,,3076426385.0629883,1140.48974594429
United Kingdom,1995,346553574246.489,27379619676.3163,1344240176739.78,23168.9529580171,338952185576.771,,7601388669.718018,1344.24017673978
United Kingdom,1996,374235569422.777,9301532237.31374,1419645865834.63,24406.400298359,367441497659.906,,6794071762.870972,1419.6458658346298
United Kingdom,1997,402231499672.561,23386816482.3935,1560911918795.02,26766.0056249684,393418467583.497,,8813032089.063965,1560.91191879502
United Kingdom,1998,403991387876.78,48157120557.6836,1653694932096.72,28274.5045119699,411883073865.518,,-7891685988.737976,1653.6949320967199
United Kingdom,1999,410232972011.001,112454145411.852,1687830448147.55,28762.0913570256,427461575796.797,,-17228603785.79602,1687.83044814755
United Kingdom,2000,427373278862.158,127916379256.163,1665534876683.31,28280.926786099,447394462097.14,2.41,-20021183234.981995,1665.5348766833101
United Kingdom,2001,421484093853.462,21321018557.6055,1649827263567.01,27906.5695029641,449981286886.426,3.37,-28497193032.96405,1649.82726356701
United Kingdom,2002,437688848920.863,31141421727.9504,1785729916067.15,30077.741432188,479812649880.096,2.45,-42123800959.23303,1785.7299160671498
United Kingdom,2003,494222040816.326,46069635887.5861,2054422857142.86,34442.6875402308,537910204081.633,2.52,-43688163265.30701,2054.4228571428603
United Kingdom,2004,582916514097.4,41580064154.0727,2421525082387.4,40366.8886650968,638784328084.951,2.24,-55867813987.551025,2421.5250823874
United Kingdom,2005,642700000000.0,-92742954100.2227,2543180000000.0,42104.7884375024,697065454545.454,2.46,-54365454545.45398,2543.18
United Kingdom,2006,745149954001.84,-61381481565.7496,2708441582336.71,44512.4590296865,796344066237.351,2.3,-51194112235.51099,2708.44158233671
United Kingdom,2007,788437374949.98,160880316709.816,3090510204081.63,50397.6854954706,848431372549.02,2.24,-59993997599.04004,3090.51020408163
United Kingdom,2008,805762867647.059,103242148985.75,2929411764705.88,47396.1202078484,855172794117.647,1.72,-49409926470.58801,2929.4117647058797
United Kingdom,2009,648608817572.831,-62945021961.1458,2412840006231.5,38744.131693043,678558965570.961,1.85,-29950147998.130005,2412.8400062315
United Kingdom,2010,717229317011.397,-12327098017.1828,2485482596184.71,39598.957119545,755985189200.566,2.13,-38755872189.16907,2485.48259618471
United Kingdom,2011,836104561850.802,53821554014.553,2663805834828.07,42109.6418795749,857154298140.55,1.59,-21049736289.748047,2663.8058348280697
United Kingdom,2012,828872120452.116,-34727249184.4595,2707089726614.64,42497.3404974322,855641065409.249,1.46,-26768944957.133057,2707.0897266146403
United Kingdom,2013,843516106640.604,-8222267228.03088,2784853502534.29,43426.2981405143,883068333064.174,1.49,-39552226423.56995,2784.85350253429
United Kingdom,2014,875777609747.207,-172805792105.636,3064708247921.43,47439.6165895125,935305726198.978,2.03,-59528116451.770996,3064.70824792143
United Kingdom,2015,815304691846.949,-105510499552.5,2927911140916.73,44964.3911437292,859564412420.216,2.02,-44259720573.26697,2927.91114091673
United Kingdom,2016,777214710110.264,-291904952184.513,2689106566899.61,40985.2351382417,828192624115.954,2.09,-50977914005.68994,2689.10656689961
United Kingdom,2017,827907141571.723,46685075527.4551,2680148052335.3,40572.1214823783,863846532337.868,1.96,-35939390766.14502,2680.1480523353
United Kingdom,2018,906772479283.289,-3576693950.22308,2871340347581.79,43203.8141057739,946466621329.184,1.83,-39694142045.89502,2871.34034758179
United Kingdom,2019,902036391533.849,-41289065813.2492,2851407164907.81,42662.5353740311,941829862195.151,1.84,-39793470661.302,2851.40716490781
United Kingdom,2020,800128639354.783,-140797136683.084,2696778386607.65,40201.6812422928,785068374771.382,1.28,15060264583.401001,2696.7783866076497
United Kingdom,2021,917230303664.112,155692535405.009,3143323050707.26,46896.8662432834,924270940181.382,0.72,-7040636517.269897,3143.32305070726
United Kingdom,2022,1045296692285.1,79991422960.3437,3114042471144.39,45935.9276473925,1099672270617.25,1.0,-54375578332.150024,3114.04247114439
United Kingdom,2023,1070469051019.27,153366551851.431,3380854520809.54,49463.8554617343,1089182875638.53,,-18713824619.26001,3380.85452080954
United States,1989,504289000000.0,-24800000000.0,5641580000000.0,22857.1544330056,591030000000.0,3.91,-86741000000.0,5641.58
United States,1990,551873000000.0,-11290000000.0,5963144000000.0,23888.6000088133,629728000000.0,3.92,-77855000000.0,5963.144
United States,1991,594931000000.0,14720000000.0,6158129000000.0,24342.2589048189,623544000000.0,3.95,-28613000000.0,6158.129
United States,1992,633053000000.0,28460000000.0,6520327000000.0,25418.9907763319,667791000000.0,3.95,-34738000000.0,6520.327
United States,1993,654799000000.0,32570000000.0,6858559000000.0,26387.2937338171,719973000000.0,3.75,-65174000000.0,6858.559
United States,1994,720937000000.0,34050000000.0,7287236000000.0,27694.853416234,813424000000.0,,-92487000000.0,7287.236
United States,1995,812810000000.0,40980000000.0,7639749000000.0,28690.8757013347,902572000000.0,2.94,-89762000000.0,7639.749
United States,1996,867589000000.0,5360000000.0,8073122000000.0,29967.7127181749,963966000000.0,2.86,-96377000000.0,8073.122
United States,1997,953803000000.0,-770000000.0,8577552000000.0,31459.1299691554,1055774000000.0,2.6,-101971000000.0,8577.552
United States,1998,952979000000.0,-36390000000.0,9062817000000.0,32853.6725949234,1115690000000.0,3.09,-162711000000.0,9062.817
United States,1999,992910000000.0,-64964000000.0,9631172000000.0,34515.3813073394,1252460000000.0,2.31,-259550000000.0,9631.172
United States,2000,1096111000000.0,-162755000000.0,10250952000000.0,36329.9702595751,1477184000000.0,2.1,-381073000000.0,10250.952
United States,2001,1026812000000.0,-26455000000.0,10581929000000.0,37133.6203973517,1403559000000.0,2.11,-376747000000.0,10581.929
United States,2002,997979000000.0,67930000000.0,10929108000000.0,37997.7424300242,1437724000000.0,2.16,-439745000000.0,10929.108
United States,2003,1035165000000.0,78112000000.0,11456450000000.0,39490.3023903176,1557120000000.0,1.96,-521955000000.0,11456.45
United States,2004,1176363000000.0,160363000000.0,12217196000000.0,41724.6411982614,1810504000000.0,1.79,-634141000000.0,12217.196
United States,2005,1301580000000.0,-89753000000.0,13039197000000.0,44123.3996470026,2041482000000.0,1.75,-739902000000.0,13039.197
United States,2006,1470170000000.0,-14662000000.0,13815583000000.0,46301.9876485519,2256623000000.0,1.7,-786453000000.0,13815.583
United States,2007,1659295000000.0,177277000000.0,14474228000000.0,48050.227412195,2395228000000.0,1.55,-735933000000.0,14474.228
United States,2008,1835280000000.0,2491000000.0,14769862000000.0,48570.0594269601,2576151000000.0,1.58,-740871000000.0,14769.862
United States,2009,1582774000000.0,151514000000.0,14478067000000.0,47194.9500893872,2001927000000.0,1.71,-419153000000.0,14478.067
United States,2010,1857247000000.0,85789000000.0,15048971000000.0,48650.6643227232,2389555000000.0,1.66,-532308000000.0,15048.971
United States,2011,2115864000000.0,173119000000.0,15599732000000.0,50065.9789470675,2695480000000.0,1.67,-579616000000.0,15599.732
United States,2012,2217700000000.0,126895000000.0,16253970000000.0,51784.4114692048,2769317000000.0,1.67,-551617000000.0,16253.97
United States,2013,2287922000000.0,104665000000.0,16880683000000.0,53409.7507774372,2766375000000.0,1.67,-478453000000.0,16880.683
United States,2014,2378545000000.0,135673000000.0,17608138000000.0,55304.3155317137,2887445000000.0,1.69,-508900000000.0,17608.138
United States,2015,2270622000000.0,-209363000000.0,18295019000000.0,57040.2082136605,2794942000000.0,1.69,-524320000000.0,18295.019
United States,2016,2235558000000.0,-174573000000.0,18804913000000.0,58206.6141931844,2738830000000.0,1.65,-503272000000.0,18804.913
United States,2017,2388260000000.0,28590000000.0,19612102000000.0,60322.2614241747,2931589000000.0,1.66,-543329000000.0,19612.102
United States,2018,2538089000000.0,-345435000000.0,20656516000000.0,63201.0458483771,3131166000000.0,1.59,-593077000000.0,20656.516
United States,2019,2539391000000.0,-201057000000.0,21539982000000.0,65604.6815198734,3116681000000.0,13.78,-577290000000.0,21539.982
United States,2020,2151139000000.0,145265000000.0,21354105000000.0,64411.3731779373,2777341000000.0,1.52,-626202000000.0,21354.105
United States,2021,2555430000000.0,-133851000000.0,23681171000000.0,71318.3073592183,3415459000000.0,1.47,-860029000000.0,23681.171
United States,2022,3017379000000.0,-20472000000.0,26006893000000.0,78035.1753604212,3976314000000.0,1.49,-958935000000.0,26006.893
United States,2023,3052469000000.0,105300000000.0,27720709000000.0,82769.4122114216,3849811000000.0,,-797342000000.0,27720.709
