Country Name,Year,Tariff_Rate,GDP_growth_pct,FDI_pct_gdp,inflation,pop_growth,TB_bil
Algeria,2005,10.23,5.39999999999989,1.07990333031144,1.38244656662118,1.46330884553002,24.200999999998903
Algeria,2006,9.93,2.90000000000011,1.49572335207527,2.31149918514424,1.54127363754195,31.9470000000014
Algeria,2007,9.63,3.09999999999988,1.1838181536619,3.67899574741699,1.6690716779345,30.1256067552432
Algeria,2008,9.2,2.5000000000001,1.46277344571787,4.85859062814939,1.81885306168943,32.47630840181619
Algeria,2009,9.36,1.19999999999996,1.82742164668261,5.73706036145628,1.91588522187232,-0.9098065772498016
Algeria,2014,8.35,4.09999999999997,0.628688968391006,2.91692692067458,2.03786524232338,-7.677836862531593
Algeria,2015,8.27,3.20000000000009,-0.286832290676438,4.78444700693889,2.05624795728459,-25.3849083621844
Algeria,2016,8.85,3.89999999999995,0.906300705997461,6.39769480268757,2.05569111181654,-27.4494901805444
Algeria,2017,9.38,1.50000000000003,0.647902696344899,5.59111590961664,2.03200060784518,-22.4026359344411
Algeria,2018,9.98,1.40000000000002,0.753576088552125,4.26999020467084,1.93780623340147,-15.701394555132795
Algeria,2019,9.99,0.899999999999949,0.713947308015691,1.95176821052892,1.84041291439333,-15.707643325166496
Algeria,2020,10.16,-4.99999999999997,0.693816014772842,2.41513094083414,1.71191216459393,-17.445134687810203
Algeria,2021,10.29,3.79999999999995,0.466728479682942,7.22606307415477,1.61936460233826,-2.4411257828097
Algeria,2022,9.25,3.59999999999998,0.413487955988728,9.26551551551553,1.58758210690673,22.612781485899703
Brazil,1989,31.92,3.16000000000032,0.273855965905703,1430.7237251472,1.84389971585717,13.327
Brazil,1990,18.95,-4.35000000000022,0.212693158602162,2947.732772483,1.78613575086263,6.986
Brazil,1991,16.54,1.03218958549303,0.32201174402017,432.786661926461,1.71576956519978,6.687
Brazil,1992,15.71,-0.54407204977727,0.62798622938011,951.962053052818,1.66724681782032,11.897
Brazil,1993,13.02,4.9246900037071,0.350808564777038,1927.38079016026,1.61992855794359,8.739
Brazil,1994,13.26,5.85287036219013,0.584731354072149,2075.88839757325,1.56329973533197,5.515
Brazil,1995,10.97,4.22379363350413,0.631586020354494,66.0070335542481,1.53901255207011,-10.652
Brazil,1996,14.83,2.20886405039022,1.47596541135756,15.7576656002606,1.51410759163045,-13.512
Brazil,1997,14.0,3.39484598630671,2.15045305915354,6.92671251629154,1.48650426533337,-19.380594698576303
Brazil,1998,15.94,0.338097901207306,3.34088809328503,3.19507629280052,1.48772098102752,-18.610746032742608
Brazil,1999,12.31,0.467937566477133,4.73377022686194,4.85844749902667,1.45652767159292,-9.991935231310302
Brazil,2000,12.69,4.38794944745618,5.03391680528314,7.04414105947266,1.37521128317928,-10.570608610064102
Brazil,2001,10.47,1.38989640095637,4.14759377398385,6.84035902487523,1.30335503159977,-7.220433515306206
Brazil,2002,10.01,3.05346185909312,3.25358061271527,8.45016437708331,1.24142062598122,5.9211774486924975
Brazil,2003,9.53,1.14082899824888,1.81340052439306,14.7149197228147,1.18021395482771,17.461618605616103
Brazil,2004,7.67,5.75996463670954,2.71353166307823,6.59718509985963,1.12991417032023,25.82951095706489
Brazil,2005,7.17,3.20213206130431,1.73389354610707,6.86953720898964,1.09590612526605,33.6742292164115
Brazil,2006,6.7,3.96198871122617,1.75312570318945,4.18356812896909,1.05833842529955,33.452513822936005
Brazil,2007,6.77,6.06987060678338,3.19082601285064,3.64127299102652,1.01236820635667,22.21725417570102
Brazil,2008,6.74,5.09419544658736,2.99060946913286,5.67859390284168,0.957984635895359,1.9800845118680117
Brazil,2009,7.59,-0.125812002161169,1.88848224084392,4.88803479876799,0.895632239477021,2.316649166288025
Brazil,2010,7.76,7.52822581815364,3.73001288331747,5.03872690108075,0.84088322514573,-19.368906955830017
Brazil,2011,7.84,3.97442307944702,3.91518011396487,6.6364496221309,0.81381388423754,-16.82970857457495
Brazil,2012,7.76,1.92117598576537,3.75496285610022,5.40349914036997,0.811598483382088,-31.63963580495001
Brazil,2013,10.08,3.00482266944432,3.04150901601519,6.20431066640101,0.810511647523289,-54.583362068380005
Brazil,2014,7.79,0.503955740242247,3.57135266957477,6.32904015516139,0.806314177734439,-63.79150750157498
Brazil,2015,8.27,-3.54576339269425,3.59214931773371,9.02990102416136,0.791721773592796,-28.22492693844501
Brazil,2016,8.01,-3.27591690782192,4.13737803912088,8.73914352329393,0.761972670496742,7.888268360799988
Brazil,2017,8.59,1.32286905404399,3.33825981744108,3.44637335032669,0.72824666001736,15.770565742070008
Brazil,2018,7.95,1.783666761634,4.07858821449124,3.66485028376729,0.683439571425594,5.020740727415008
Brazil,2019,7.97,1.22077782360842,3.69267321290613,3.73297621216894,0.651994346081362,-8.913681707434998
Brazil,2020,8.41,-3.2767587964736,2.59263795330717,3.21176803803376,0.579350709708032,11.006501378434995
Brazil,2021,7.76,4.76260437908608,2.77979084916568,8.30165975585673,0.425360907216456,15.35511939101001
Brazil,2022,7.26,3.01669435393015,3.8221961533297,9.28010608956873,0.360180890872169,10.63164881877002
Canada,1989,7.02,2.33732974637616,1.2643683536102,4.98362189985958,1.79419351491939,0.3635640388450012
Canada,1993,3.59,2.65770688317689,0.721601695039317,1.86507936507939,1.09893087887878,0.0632069505339965
Canada,1995,6.69,2.68232830305229,2.25387303530621,2.14876033057849,1.03476948386834,18.904083589169005
Canada,1996,5.43,1.68896120754063,1.39828193256897,1.57053112507138,1.04531178311831,24.629288042450987
Canada,1997,1.99,4.28016686255228,2.31796973451973,1.62121638084531,0.993788591465188,12.429974698068024
Canada,1998,1.44,3.89288652990767,3.93993821737617,0.99594245665802,0.829909353323744,12.048309635264983
Canada,1999,1.01,5.14100348008584,4.04710363964717,1.73484295105918,0.812842623716166,24.096639864594025
Canada,2000,1.31,5.13853918593026,9.17102428671511,2.71943995691976,0.931281553452429,41.604373750772034
Canada,2001,1.6,1.87509813216803,3.84192129292478,2.52512013979906,1.0861994547665,41.819090368646
Canada,2002,1.49,2.9992553495694,3.21914767807145,2.25839440940855,1.08479328329522,32.83990142596704
Canada,2003,2.46,1.80638513484521,0.782967555453216,2.75856321360112,0.899226809998674,34.073822805146975
Canada,2004,1.51,3.09236383456562,0.141465896048034,1.85725871857256,0.932186964148048,44.84675926268298
Canada,2005,1.46,3.21045435651203,2.17816380917594,2.21355203439767,0.94708626967041,45.67811061290301
Canada,2006,1.45,2.6379438004107,4.87410128955105,2.00202539534161,1.01355939144957,35.20436038228003
Canada,2007,1.54,2.04990461109004,8.20055904886214,2.13838399266837,0.970654173316653,30.61167162508496
Canada,2008,1.54,0.995406309993598,4.5151371416977,2.37027067444299,1.083871149194,28.14424747881
Canada,2009,1.7,-2.91508623949733,1.52413118076926,0.299466803009299,1.14470768476526,-20.294599835754028
Canada,2010,1.46,3.09080637403602,1.83725638740881,1.77687154092627,1.11135202971694,-30.874997989832032
Canada,2011,1.38,3.13719438973661,2.13783310760835,2.91213508872351,0.97540725097113,-21.68266482168103
Canada,2012,1.4,1.75566132540601,2.70016900895675,1.51567823124517,1.08374652233653,-34.51833488252197
Canada,2013,1.45,2.32581357393478,3.62980398357006,0.938291897815317,1.05338098055318,-28.982082930359987
Canada,2014,1.43,2.87346677184995,3.55390337011002,1.90663590717861,1.00142284689661,-16.32099899860596
Canada,2015,1.65,0.649970993709132,3.85389453706153,1.12524136094277,0.760300145238936,-38.58377587152301
Canada,2016,1.56,1.03855093491798,2.23835012140903,1.42875954701085,1.13153974027004,-36.24167690868298
Canada,2017,1.52,3.03383490260789,1.53752071953934,1.59688412852977,1.19543575451553,-36.23767359517096
Canada,2018,1.47,2.74296343112555,2.46931207254863,2.26822567248103,1.43322615679352,-33.73277427158899
Canada,2019,1.51,1.9084319253883,2.80676687017653,1.94926902411593,1.46171259938134,-25.53810277571301
Canada,2020,1.49,-5.03823344128351,1.75897085668576,0.716999632307827,1.08436897113225,-36.49924417099597
Canada,2021,2.35,5.28695689105889,2.99828264957505,3.39519318527528,0.553902422386893,2.02731025248999
Canada,2022,1.37,3.81986633913397,2.32386339338111,6.80280115341613,1.81192255344382,12.724832765503052
Chile,1992,10.95,11.166707732399,2.0372317186218,15.4258064688928,1.61244609996212,0.546
Chile,1993,10.94,6.5887838266316,2.09850884627409,12.7277669490964,1.55575470326431,-1.2157
Chile,1994,10.93,5.03019797856734,4.53011117182511,11.4431196444973,1.50594720365816,0.581
Chile,1995,10.63,8.93329586928566,4.02615123858593,8.23263034116114,1.46395387384967,1.0569
Chile,1996,10.97,6.80291659568033,6.12670509977734,7.35911781788767,1.41256567140629,-1.0726251331072003
Chile,1997,10.97,7.39173926780252,6.14802074639582,6.13386464357927,1.33747554386278,-1.5633808083970986
Chile,1998,10.94,4.18088662724911,5.64436806175839,5.11024954517559,1.29984189219994,-2.4920773231436004
Chile,1999,9.96,-0.273631397756063,11.5919139537542,3.33687917526023,1.25802753178631,1.6899734273837013
Chile,2000,9.0,4.9716214885003,6.20376708215846,3.84327295706565,1.19601925947085,1.4000546775485991
Chile,2001,8.0,3.154034924374,5.8676609577396,3.56910053001467,1.15569441781061,0.9992865511352996
Chile,2002,6.96,3.20279913985533,3.62905823074864,2.48939816650705,1.10379186272101,1.6841008830323982
Chile,2003,5.77,4.72324526681116,4.556949756395,2.8101787574361,1.04651515030085,3.4766801800182
Chile,2004,3.95,6.67425416745972,5.01507138066679,1.05473871403517,1.00938163923532,9.4590766254275
Chile,2005,3.99,5.83704571525745,4.89870698305,3.05257621387849,0.992481122862039,10.240622954473295
Chile,2006,2.36,6.04999082904382,3.09101971918484,3.39201733699405,0.976434392610197,21.620045741332696
Chile,2007,2.95,5.16823098722429,6.11348994449279,4.40779938398044,0.978803488234499,22.85556796825019
Chile,2008,2.27,3.7893928023371,10.4571112912905,8.71626873039607,0.999137869915681,4.338523547953003
Chile,2009,1.92,-1.1180372326977,7.42256247901114,0.353045178360937,1.00886800592722,13.216148168532998
Chile,2010,2.08,5.85165101730949,6.84144686822969,1.41071107954321,1.00455362363927,13.346978494572998
Chile,2011,1.98,6.22389678693851,10.4897738062099,3.34121694259302,0.986604121119825,7.340657002242599
Chile,2012,1.78,6.15534002096459,11.9097449984476,3.00744840213047,0.959562935237505,-1.2471857658424987
Chile,2013,5.89,3.30850824469113,7.61396398988729,1.7895555398459,0.95374468290385,-2.5653128207686007
Chile,2015,0.64,2.15194249853634,7.32780348720507,4.34877353217044,1.0215666887643,-1.995119986586609
Chile,2016,5.89,1.75303874553305,4.55707488144666,3.78619355893118,1.2094154366484,-0.5279473706511993
Chile,2017,0.49,1.35769537797211,1.89647029832423,2.18271846868519,1.58394825779579,1.879849955367905
Chile,2018,0.49,3.99002947521676,2.68461345207245,2.43488981353057,1.78538584857741,-2.9329059949604037
Chile,2019,0.43,0.634367533828438,4.87956164130548,2.55754475703327,1.59911795256016,-5.068925698041
Chile,2020,0.43,-6.14347479224092,4.50610139661101,3.04549084804326,0.896491953505063,11.444340118768205
Chile,2021,0.43,11.3339570691911,4.81019970676228,4.52456838259144,0.441498091207504,-2.188473339125
Chile,2022,0.46,2.05874008095333,6.03627962411555,11.643866711056,0.495789591494285,-11.869384984694
China,1992,32.17,14.2245295924965,2.61316219284371,6.35398134024869,1.2255362283362,4.998
China,1993,30.29,13.8837293017729,6.18688207614214,14.6100786356602,1.14961943083465,-11.497
China,1994,27.93,13.0368066326745,5.98718616500824,24.2569897243361,1.13026063215591,7.611
China,1996,19.76,9.92255675282291,4.65181266315599,8.31316028893909,1.04814151412165,17.551
China,1997,15.82,9.23677989187537,4.72534384272724,2.78646505531882,1.02345002419879,42.824
China,1998,15.5,7.84595178729862,4.43550102416557,-0.773186011549318,0.959550406298151,43.837
China,1999,14.46,7.6616515004031,3.74898123668431,-1.40147268276465,0.865851392993279,30.641
China,2000,14.67,8.49009340597647,3.47512590256774,0.347811226864587,0.787956592953992,28.873534
China,2001,14.11,8.33573347817196,3.5129885385098,0.719125609120114,0.726380637838525,28.084
China,2002,7.72,9.13363078966614,3.60908113491298,-0.731970902350244,0.669999567758626,37.383087664019016
China,2003,6.48,10.0380304810393,3.48741889929233,1.12760348729637,0.622860936133583,35.82112906629297
China,2004,5.96,10.1136213776263,3.48364153462976,3.82463743108159,0.593932815112141,51.17438253995008
China,2005,4.87,11.3945918098927,4.55426348223621,1.77641407667571,0.588124989556992,124.62679751720898
China,2006,4.25,12.7209556654032,4.508600502911,1.6494309945586,0.558374367373002,208.9189245005919
China,2007,5.07,14.2308609331955,4.40098334219288,4.81676767378834,0.522271866392275,308.0360287833579
China,2008,4.47,9.65067891939361,3.73361071056151,5.92525137041092,0.51238693163744,348.8325331539402
China,2009,3.94,9.39872563259674,2.56889430733347,-0.728165250932898,0.497381400884935,220.13040136678003
China,2010,4.65,10.6358710644913,4.00354456866117,3.17532475269199,0.482959688678361,223.0238717128001
China,2011,5.99,9.55083217877568,3.70880651655626,5.55389892257493,0.546457594880274,181.90373891267996
China,2014,4.74,7.42576365632412,2.55924761041391,1.92164162788521,0.630326389541893,221.29924694727
China,2015,4.52,7.04132887873656,2.19217773086009,1.43702380935655,0.581456146657648,357.87076428128
China,2016,3.54,6.84876220495761,1.55563699883085,2.00000182191943,0.573050906069647,255.73708824214012
China,2017,3.83,6.94720079331685,1.34912369633213,1.59313600071436,0.605245013482969,217.0098999339502
China,2018,3.39,6.7497738324959,1.69389428446517,2.07479039965576,0.467672053461959,87.90514845187012
China,2019,2.53,5.95050075367413,1.31071593247948,2.89923416358227,0.354740890170827,131.84429731204003
China,2020,2.47,2.23863835634639,1.72317554862906,2.41942189457782,0.238040870229883,358.57260816002
China,2021,2.31,8.44846941687277,1.93078622294539,0.981015135544882,0.0892522000412526,461.4942927593501
China,2022,2.18,2.95066992959268,1.06367352996528,1.97357555739051,-0.0130995013525784,577.6089397326001
Denmark,2000,2.41,3.72400897562952,21.953462505758,2.90328203236453,0.334233618829261,9.299701472771408
Denmark,2001,3.37,0.950032280359281,5.63216582111414,2.33787000255262,0.358315678955486,10.431353547012398
Denmark,2002,2.45,0.456529990797932,2.47818532882922,2.42443661219697,0.319487125340996,10.023718626993013
Denmark,2003,2.52,0.441090994656861,0.542449723524164,2.07507820646507,0.272010444031566,13.1155650220941
Denmark,2004,2.24,2.77635184668432,-3.49390841296769,1.15435693124932,0.258432282052875,12.4298979198376
Denmark,2005,2.46,2.35960883273722,4.8451921902896,1.81781458291254,0.275481733409308,14.563595605561003
Denmark,2006,2.3,3.81648769723503,0.841695783435796,1.92422138464594,0.328645158919929,11.59996026883702
Denmark,2007,2.24,0.987173788437161,3.68799602330786,1.69326586220315,0.443466054321374,9.400458991675997
Denmark,2008,1.72,-0.417178429513314,0.617279543987987,3.41626794258373,0.587547590258978,12.52486583948401
Denmark,2009,1.85,-4.97447907474,1.17142791849018,1.30470991024337,0.535079062079429,14.981861358354005
Denmark,2010,2.13,1.58289702078196,-3.56794135328118,2.31092436974789,0.444197154509531,21.86452964509201
Denmark,2011,1.59,1.31080377939614,3.93792637361734,2.7586822605125,0.411737855195019,21.187880089966004
Denmark,2012,1.46,-0.0054323186932663,-5.00312031968255,2.3979148566464,0.376272242619955,18.90012246130899
Denmark,2013,1.49,1.39267347017295,0.197410828523168,0.789071780078062,0.416901360752097,21.479964404703978
Denmark,2014,2.03,1.27799979380644,1.86415567840611,0.56402054044954,0.507053283010163,22.723676469125
Denmark,2015,2.02,2.10441458712587,0.61075067778712,0.452034153691575,0.706423849687002,19.627489413425995
Denmark,2016,2.09,3.07304547479855,2.49983169836595,0.250000000000031,0.780392644135167,18.830573676958984
Denmark,2017,1.96,3.05647724393516,1.08780490285887,1.14713216957602,0.643350903737356,21.51174473671597
Denmark,2018,1.83,1.86000748885226,2.46670057625106,0.813609467455631,0.495838925879129,18.190345911626984
Denmark,2019,1.84,1.7114009439059,-1.10067098319484,0.75813157251162,0.358130915892652,20.729495551177003
Denmark,2020,1.48,-1.7801059882175,0.36387453868222,0.420711974110115,0.291641177476633,19.98961394732599
Denmark,2021,1.39,7.38206628977555,4.16214345185472,1.8530454398968,0.433414489409722,25.46800236969101
Denmark,2022,1.33,1.54017310709567,7.66793351091879,7.6965669988926,0.787502464739957,38.30018403610599
Ethiopia,1995,18.15,6.12751141376545,0.180008028148242,10.0221733553239,3.40438831875411,-0.6780682267536909
Ethiopia,2001,12.11,8.30130632052328,4.24475958430851,-8.23784453391137,3.03351132311934,-1.171640698839034
Ethiopia,2002,13.48,1.51472570631101,3.2480726995032,0.675089102170801,3.04403477269573,-0.96976853952731
Ethiopia,2006,12.03,10.834727065877,3.56823527416241,12.2994763114825,2.93729031507005,-3.0776313523468297
Ethiopia,2008,10.05,10.7885216853725,0.400997134132692,44.3566858766952,2.89435688963486,-6.10264308970036
Ethiopia,2009,10.36,8.80255319782566,0.68272936693443,8.48364404530282,2.83966010377931,-5.61292159128204
Ethiopia,2010,10.24,12.5505383459308,0.963030625359937,8.14926402965082,2.83517457968806,-5.270419046402431
Ethiopia,2011,10.48,11.1782962271641,1.96735663905254,33.2499598823344,2.84354457485296,-5.92302774074005
Ethiopia,2012,9.96,8.64781163337416,0.643172898229037,23.600417677317,2.80390393439601,-8.13500899469497
Ethiopia,2015,12.14,10.3924630202334,4.06648896536453,9.56889955968623,2.68480186138776,-13.85359689817464
Ethiopia,2018,12.13,6.81614779681703,3.98771971634175,13.8330356586661,2.69675179524869,-12.30455119270131
Ethiopia,2021,12.66,5.64153071734657,3.82830640829097,26.8395221557722,2.67249538803955,-11.363400666231968
France,2000,2.41,4.14099999646893,3.04117027418416,1.67595988720927,0.686335719566776,12.920448306664
France,2001,3.37,1.89946700332246,3.65899790543178,1.63478079549601,0.7289939490983,17.86738631193402
France,2002,2.45,1.06775025028361,3.45413596292303,1.9234122872706,0.727033002641047,27.60735110651001
France,2003,2.52,0.967827177709708,2.30782482603352,2.09847219146923,0.705638836747311,24.042402513737976
France,2004,2.24,2.86825057188587,1.68777447237363,2.14208964640241,0.732625502527391,17.355875954815062
France,2005,2.46,1.88856580217112,3.88373065839251,1.74586936380482,0.751885116821619,-0.2832413129549561
France,2006,2.3,2.7140645179325,3.40646118259264,1.67512449608723,0.696338574828463,-8.152873482859984
France,2007,2.24,2.53048186196499,3.15449449926763,1.4879980595386,0.618225682593305,-18.508898565244017
France,2008,1.72,0.380171425522363,2.32326700027606,2.81286194914787,0.558020613148126,-41.912581724073
France,2009,1.85,-2.82455150288962,0.682311492843149,0.0876204781574552,0.513351013325229,-32.83316027974707
France,2010,2.13,2.00032472699981,1.46961673029144,1.53112270420926,0.492976371032656,-43.51509209620105
France,2011,1.59,2.43757656877079,1.54005293306163,2.11159795174994,0.482667411007127,-56.663277933557005
France,2012,1.46,0.183835271019575,1.22790071519382,1.9541953161351,0.483714919435185,-37.81805443829297
France,2013,1.49,0.781756445913402,1.18823404938295,0.863715497861805,0.516915013016667,-23.35450081622595
France,2014,2.03,0.997832937998666,0.176974174772525,0.50775882293799,0.474847846171767,-28.20108071881299
France,2015,2.02,1.06675473488909,1.76596182973896,0.0375143805125182,0.355569240058298,-9.464220662781006
France,2016,2.09,0.860031082016107,1.44200321416196,0.18333486112386,0.263868788565368,-12.213077214982055
France,2017,1.96,2.08361485062076,1.68928072199317,1.03228275064662,0.29020211635109,-19.613632197392945
France,2018,1.83,1.64590872932709,2.78594184568695,1.85081508315502,0.358494581816163,-28.41822396034204
France,2019,1.84,2.02744647639635,1.96486943301562,1.10825492288294,0.332559129027963,-15.554877925810914
France,2020,1.48,-7.44064593044142,0.731471704018579,0.476498852725066,0.324557781035362,-45.868551352825925
France,2021,1.39,6.88233786590355,3.30405312221271,1.64233141038385,0.356902332389048,-30.254884487257936
France,2022,1.33,2.57084047443969,3.91856445477022,5.22236748369735,0.326992498564887,-71.19997171284997
Greece,2000,2.41,4.13782709945785,-0.0065167449554775,3.1511816249383,0.409041838238246,-12.284230677971198
Greece,2001,3.37,4.65041412229992,0.0015155315166,3.37396832213867,0.51988446396193,-11.223539207779698
Greece,2002,2.45,4.68313735902784,0.0227485404811931,3.62935871878874,0.366566462148184,-11.147091802645
Greece,2003,2.52,5.79682303463183,0.715017038222185,3.53065027765552,0.238643175320258,-12.580761258143404
Greece,2004,2.24,5.37786629728755,0.914091172780162,2.8988481075817,0.247413542822812,-12.5691910358461
Greece,2005,2.46,1.18350610206699,0.284127006962334,3.54507273335078,0.293249074052818,-15.079881453318
Greece,2006,2.3,6.44339775049335,2.01112523714783,3.19594684144545,0.30033180096664,-24.89701111798509
Greece,2007,2.24,3.50687018582884,0.622837777539062,2.89500321516578,0.254757581935775,-34.234036426200205
Greece,2008,1.72,0.0574735793110506,1.6328960526629,4.15279708110293,0.265457836726293,-39.4590313779514
Greece,2009,1.85,-4.11927598076629,0.846404808815716,1.21007269197809,0.263026401346927,-25.077520775812904
Greece,2010,2.13,-5.69374120273665,0.179789223267027,4.71298907760388,0.128880432668041,-20.250975319824203
Greece,2011,1.59,-9.87677903873015,0.385622565634744,3.3298532335065,-0.147951277402184,-17.349218680890107
Greece,2012,1.46,-8.33113395866982,0.695897838082299,1.50152696177758,-0.540752950543684,-5.996099810510307
Greece,2013,1.49,-2.27211692215486,1.24506178790059,-0.921269454256994,-0.725120806658085,-6.744497465675599
Greece,2014,2.03,0.792225038353592,1.15314480305525,-1.31226096405506,-0.666113290031891,-5.246311025798599
Greece,2015,2.02,-0.228301959026894,0.652184629866422,-1.73588804765284,-0.658861360878339,-1.2200571968355027
Greece,2016,2.09,-0.0317952126675323,1.3975055397238,-0.825653978390973,-0.415913028277122,-1.7134917916051025
Greece,2017,1.96,1.47312498503697,1.7162955046024,1.12125452031419,-0.197783224759792,-1.6562896428092957
Greece,2018,1.83,2.06467253338354,1.88723349665644,0.62562141345364,-0.202880238259165,-3.935248275212906
Greece,2019,1.84,2.27718063644569,2.41172201156202,0.253007522038157,-0.105339392724138,-2.008001793220612
Greece,2020,1.48,-9.19623147082588,1.72637818314203,-1.24798355581405,-0.214592106571664,-12.7368239850859
Greece,2021,1.39,8.65449785311438,2.80914754352091,1.22382501019854,-1.21680248998544,-16.01131934570311
Greece,2022,1.33,5.74364918958959,3.63119902887991,9.64525981280632,-1.25988945727074,-21.630962871037998
India,1990,56.36,5.53345456125301,0.0737400205365026,8.9712325027325,2.213130886438,-6.615557120094997
India,1992,27.01,5.48239602040357,0.0959419487133591,11.7878170418134,2.12998519274824,-4.712170094933102
India,1996,23.72,7.54952224920051,0.617479351603705,8.97715233826453,1.99775909414655,-13.9843146812342
India,1997,20.13,4.04982084998183,0.860208959660141,7.16425211462724,1.966425183613,-13.360131754465996
India,1999,28.51,8.84575555939531,0.472644191458928,4.66982038037594,1.90202919152067,-11.441228840349998
India,2000,23.36,3.84099115659129,0.765211694280819,4.0094359104519,1.87939826197393,-13.143494265904303
India,2001,26.51,4.82396626555771,1.05638020993358,3.77929312235637,1.87060822112685,-9.180938408722891
India,2002,23.08,3.80397532112175,1.01156946489919,4.29715203929563,1.81129424097937,-5.122207191986999
India,2003,21.45,7.8603814759073,0.605887857091794,3.80585899528851,1.73438204419235,-8.164091361147399
India,2004,22.96,7.92293661199932,0.765596855110284,3.76725173477515,1.7035704679088,-14.960253367711
India,2005,13.9,7.92343062148318,0.886098378458823,4.24634362031922,1.63142146860079,-27.27633627091101
India,2006,8.99,8.06073257166651,2.13016842534495,5.79652337561634,1.56412522526913,-31.76996425736499
India,2007,11.99,7.6608150670107,2.07339404668754,6.37288135593231,1.50599144392136,-38.70371243871799
India,2008,5.98,3.08669805921981,3.62052323540171,8.34926704907581,1.43877181746736,-74.36004351628601
India,2009,6.84,7.86188883286074,2.6515903323548,10.8823529411764,1.44601731955273,-67.41001879140299
India,2010,6.1,8.49758470221235,1.6350340943491,11.9893899204244,1.45460361883041,-91.02366247871996
India,2011,7.33,5.24131619937695,2.0020634629993,8.91179336483371,1.41682761544376,-106.68678260897394
India,2012,6.32,5.45638755166587,1.31293453035324,9.47899691419801,1.37405616603306,-136.063399026174
India,2013,6.34,6.38610640094825,1.5162764665975,10.0178784746102,1.33270430507476,-92.13505169214196
India,2015,7.32,7.99625378571471,2.09211521443253,4.90697344127256,1.19285563384335,-63.24917139485004
India,2016,6.35,8.25630550179086,1.9373641224439,4.94821634062141,1.19162966402099,-41.57920626501404
India,2017,5.78,6.79538341897911,1.50731583255894,3.32817337461298,1.1623961434697,-72.21161262533997
India,2018,4.88,6.45385134497769,1.55821483801456,3.9388264669163,1.09729906702925,-105.91768494061104
India,2019,6.59,3.87143694070356,1.78482633957161,3.72950573539129,1.04001395098104,-73.45167132258996
India,2020,6.19,-5.77772470686801,2.40620322673636,6.62343677628535,0.973438646910149,-8.342168263996033
India,2021,5.87,9.68959249192875,1.41217101040888,5.13140747176369,0.822648220128724,-74.03937442790198
India,2022,4.59,6.9870393257555,1.48921120524648,6.69903414079852,0.790200540609834,-134.66096522285096
Jordan,2000,18.92,4.24571192079179,10.7940053678297,0.66688092559796,2.07260479051429,-2.25676873410437
Jordan,2001,12.32,5.26995757513571,3.04850514227072,1.77220437351017,2.0568547225817,-2.24531130657059
Jordan,2002,12.66,5.78380792679296,2.48601734100151,1.83299389002049,2.10844376833598,-1.83162356803475
Jordan,2003,11.44,4.16166755544407,5.36472671434698,1.62999999999998,2.21462077394044,-2.13740809590973
Jordan,2004,11.23,8.56721424236899,8.20922270699181,3.36186821476601,2.41295841696554,-3.4083857381805305
Jordan,2005,7.5,8.14659481079931,15.7636461414359,3.49368534619531,2.47713068142819,-5.14548272534558
Jordan,2006,5.63,8.09297527811933,23.5372913427131,6.25172466656443,6.38870724302854,-5.02973277856131
Jordan,2007,5.62,8.17616995204646,15.3248262609959,4.74390639021648,6.03529982681035,-6.313059604627781
Jordan,2008,5.09,7.22038637280139,12.4753075049094,13.9712310012729,2.35427976058258,-6.529453560056898
Jordan,2009,5.13,5.02371007272669,9.83417874476551,-0.739069743144777,2.14968786053504,-5.3976126760563
Jordan,2010,8.46,2.31483422063046,6.22247566973912,4.84551875852116,2.15109331746781,-5.4895774647887
Jordan,2011,8.06,2.73717988632104,5.03335872688493,4.1624416292779,2.48202772730679,-7.557323943662
Jordan,2012,8.1,2.42935800100238,4.89480688682321,4.5152295667099,1.41635205030682,-8.668169014084498
Jordan,2013,8.08,2.60994737548631,5.64977168714591,4.82462314269537,5.19641467868427,-9.944366197183102
Jordan,2014,4.0,3.38407809933472,5.91204890205889,2.89947905006057,9.53920898641561,-9.4601408450704
Jordan,2015,3.98,2.49652879315188,4.1472022917494,-0.876851359704049,8.21798329205466,-8.655633802816899
Jordan,2016,4.32,1.9941808493012,3.89285142868971,-0.778430463054142,4.72325254401232,-8.292112676056302
Jordan,2017,4.41,2.47359815449045,4.87814133167977,3.32389447576097,2.25160030043779,-8.735492957746498
Jordan,2020,3.98,-1.10275188309046,1.73975978294192,0.333294350628378,1.79543228239066,-7.9797521126761
Jordan,2022,3.2,2.64743616429071,2.56620402018028,4.22915568897117,1.70151702842564,-9.275352112676098
"Korea, Rep.",1988,13.95,11.9877155593824,0.647873969897537,7.14609773721605,0.979189224150187,12.5753
"Korea, Rep.",1989,10.61,7.07289360531416,0.562753226852784,5.70016544561401,0.989093268458301,3.7241
"Korea, Rep.",1990,9.54,9.8775525016936,0.368992954353942,8.57327225728677,0.985130494218767,-3.1884
"Korea, Rep.",1992,8.53,6.19864279836374,0.281724287484939,6.21328146355184,1.03916135557339,-3.2724
"Korea, Rep.",1995,6.84,9.61456539319965,0.438966358961603,4.48074108557248,1.00620085457685,-8.3987
"Korea, Rep.",1996,15.02,7.89070332600667,0.456039044153734,4.92454354292754,0.952779421852704,-21.9783
"Korea, Rep.",1997,13.45,6.17055242658977,0.579389363304697,4.4389318457463,0.937713808920155,-7.9892
"Korea, Rep.",1998,13.61,-5.12944816520964,1.56240611234267,7.51358008079307,0.72186501759031,42.4951
"Korea, Rep.",1999,5.9,11.4669424267425,2.15597935410083,0.81295725444637,0.710794593061376,26.4885
"Korea, Rep.",2000,9.55,9.06083332508534,1.99753761472691,2.25916580080157,0.836180864297766,14.5468
"Korea, Rep.",2001,10.41,4.85239957151281,1.19094772386348,4.06657587897792,0.767241774760276,7.1402
"Korea, Rep.",2002,9.98,7.72514267547173,0.872877921848895,2.76226210296599,0.577957276814842,8.5873
"Korea, Rep.",2003,9.7,3.14729119373409,0.997559671350009,3.51487451459939,0.518321452985646,17.2929
"Korea, Rep.",2004,9.25,5.19739136324382,1.67609803413151,3.59066298882578,0.396331436697806,34.1226
"Korea, Rep.",2005,7.95,4.30854271411236,1.45932018032106,2.75379162735039,0.211997784117548,23.5083
"Korea, Rep.",2006,7.43,5.26432659466724,0.869896781374133,2.24234028518921,0.525199940498775,11.4743
"Korea, Rep.",2007,7.13,5.79954841503216,0.752754047671926,2.53457382137932,0.505234032920336,19.3966
"Korea, Rep.",2008,8.26,3.01298487281167,1.06818326165412,4.67389655533408,0.759316681850927,5.4354
"Korea, Rep.",2009,7.8,0.792698989518186,0.95576859415752,2.7564965449393,0.514682827535803,38.7179
"Korea, Rep.",2010,7.19,6.80482491783671,0.830430228021659,2.93928652655686,0.49822508440111,33.9595
"Korea, Rep.",2011,7.32,3.68566778212526,0.779787886802945,4.0259650043609,0.768971758582589,15.9578
"Korea, Rep.",2012,7.59,2.40253099246186,0.743001113839527,2.18707104433314,0.525713660600414,43.5318
"Korea, Rep.",2013,7.85,3.16470863647184,0.93143827823753,1.30134754547413,0.455218622164662,73.9302
"Korea, Rep.",2014,6.1,3.2024537945736,0.624700011881538,1.27477446401322,0.628149861433639,82.8549
"Korea, Rep.",2015,5.72,2.80910326824133,0.279944815832785,0.70633177245575,0.527288497407793,105.6492
"Korea, Rep.",2016,8.67,2.94688171508626,0.80712561488255,0.971685739912168,0.396851823381145,99.1233
"Korea, Rep.",2017,5.05,3.15963574012777,1.10364025144874,1.94433230786366,0.280968018301691,76.8588
"Korea, Rep.",2018,4.83,2.90740377377135,0.706084799750036,1.47583935002645,0.433519027613049,80.7174
"Korea, Rep.",2020,5.48,-0.709415359397681,0.533043337613518,0.537288023411737,0.137869266247028,65.9347
"Korea, Rep.",2021,4.85,4.30473481906969,1.21315499855807,2.49833333333339,-0.128757315474928,70.4442
"Korea, Rep.",2022,5.66,2.61267219187226,1.49617378306838,5.08951365062842,-0.187486566698935,8.3669
Malaysia,1988,14.4,9.93771967651989,2.03962299468874,2.55651945320742,3.14398721440995,3.600145105551502
Malaysia,1991,10.84,9.54546741443052,8.13632963600558,4.358333333333,2.8158546560368,-1.7988654820489045
Malaysia,1993,9.33,9.89494333377064,7.4828391233144,3.53658536585389,2.55845902443816,-0.0675965727761001
Malaysia,1996,6.27,10.0027006861844,5.03534293107292,3.48855945858916,2.52310298452386,1.4110020399909058
Malaysia,1997,5.37,7.32274185035924,5.13624115805328,2.66251459711946,2.48740927032502,0.9402132216372986
Malaysia,1998,5.23,-7.35941518817556,2.99775085201457,5.27034200348766,2.45609059309708,15.8950151297977
Malaysia,1999,5.14,6.13761201057692,4.92146666489341,2.74456130240604,2.38527879909653,19.8282368421053
Malaysia,2000,4.81,8.85886816969386,4.03842862393764,1.53474023697699,2.34480241175698,18.0197631578952
Malaysia,2001,5.06,0.517675319192861,0.597029318252079,1.41678473206098,2.40351289519482,16.1815789473683
Malaysia,2002,4.2,5.39098830692797,3.16612432250471,1.80787246281536,2.41855547054066,16.5652368421051
Malaysia,2003,4.57,5.7884992858875,2.92094209456765,1.08967632577286,2.36624571909165,21.7565526315788
Malaysia,2004,5.37,6.78343772370305,3.50787262049413,1.42127115937402,2.31172452935085,25.414723684211
Malaysia,2005,4.27,5.33213916141486,2.73438734940078,2.97507092684449,2.26772984873607,30.77551679112401
Malaysia,2006,3.68,5.5848470671515,4.72716484834358,3.60923564224389,2.22705351047756,35.471715593576995
Malaysia,2007,3.71,6.29878592740947,4.68684578287436,2.02735317779569,2.17350461828888,38.52046069969199
Malaysia,2008,3.89,4.83176988913097,3.28081949125174,5.44078221100769,2.09531674831339,51.31268899793601
Malaysia,2009,3.55,-1.51352871598714,0.056692316075743,0.583308405623702,1.99206021194285,41.55097236283402
Malaysia,2010,3.12,7.42484738326097,4.26864663854031,1.62285235577035,1.87040612656176,40.43459121933499
Malaysia,2011,4.17,5.29391283414003,5.07446032143377,3.1744709215131,1.75128008243176,46.43655996356201
Malaysia,2012,4.41,5.47345419253853,2.8290573817453,1.66357102479206,1.70269513202166,33.87565396347202
Malaysia,2013,4.44,4.69372252557893,3.49431175959971,2.10501231233612,1.70946282045073,27.540337316954982
Malaysia,2014,1.28,6.00672194558203,3.14122940365348,3.14299050879095,1.7147407282165,31.341554660124025
Malaysia,2016,4.02,4.44978139761541,4.47130958598651,2.09056659525742,1.76731054757933,19.990335308919008
Malaysia,2020,3.6,-5.45684658426701,1.20275464255821,-1.1387021539305,1.33363323143911,21.603446738674013
Malaysia,2021,3.62,3.31534954399166,5.41625984914692,2.47710241465447,1.15251304394292,26.98042552174301
Malaysia,2022,3.42,8.86182187578046,3.68689336269238,3.37869862549928,1.1977720012836,29.122040538773987
Mexico,1991,11.91,3.97590497138043,1.52072722395263,22.662359455061,1.92579327419213,-9.369
Mexico,1995,7.25,-5.91029962358286,2.50587999844817,34.9992712889592,1.78023269604442,7.15271
Mexico,1996,14.02,6.21829715869302,2.12551917782763,34.3783832235168,1.73503044582092,6.435885
Mexico,1997,13.08,7.19887615284711,2.4510099356897,20.6256287259247,1.68231791926668,-0.807196
Mexico,1998,13.05,6.18507893082885,2.28836855124077,15.9283950119353,1.63934798033611,-9.180703
Mexico,1999,6.59,2.75503039300564,2.20848433629662,16.5856169707538,1.5989280275378,-8.350321
Mexico,2000,15.15,5.02928399378261,2.47719212505446,9.49156149435403,1.54272528221216,-11.941767041
Mexico,2001,15.24,-0.450845253215945,3.77607805645799,6.36773806235037,1.48303091731143,-14.109446485
Mexico,2002,5.03,-0.236588001922641,2.48685750021276,5.03072733151295,1.43770526775457,-12.194289609
Mexico,2003,15.44,1.18554486709559,2.37188032095091,4.54690012118718,1.398263627903,-10.770586021
Mexico,2004,3.0,3.56544100946846,3.06821035154364,4.68840884843143,1.3653083154997,-14.968141812
Mexico,2005,3.0,2.11324712586392,2.74220134218643,3.98805714597437,1.34857895792648,-14.565785413
Mexico,2006,2.39,4.80501352746852,2.16888289656188,3.62946762439132,1.35374920696209,-13.991006944
Mexico,2007,2.41,2.07786393438754,2.81394170239287,3.96684905458235,1.40789058424163,-18.695821515
Mexico,2008,1.87,0.943331863036903,2.5615701212149,5.12498274575896,1.46015632826518,-26.869546767
Mexico,2009,1.61,-6.29525055780502,2.08303784883143,5.29735584228856,1.4619172053372,-14.820317718
Mexico,2010,5.37,4.9713345832195,2.76142218557102,4.15672722680174,1.43974472572946,-13.623591137
Mexico,2011,5.37,3.44404505794418,1.94422301342699,3.40737824605742,1.41534883852036,-15.980581914
Mexico,2012,5.17,3.55321075993527,1.45258915052409,4.11150981070289,1.35716327923769,-14.581102602
Mexico,2013,4.87,0.852101559410627,3.83652713043992,3.80639069747204,1.29730808025224,-15.907547928
Mexico,2014,1.02,2.50376350288664,2.08414170795053,4.01861608078679,1.21002702971431,-16.563464776
Mexico,2015,4.45,2.70232342550646,2.9877290917854,2.72064064964023,1.06956376155677,-25.807764
Mexico,2016,4.35,1.77249323845399,3.49742348752218,2.8217078474766,0.969124204799117,-23.667255468
Mexico,2017,1.24,1.87172853327193,2.78106867063967,6.04145724018986,0.935239396499786,-22.66879142
Mexico,2018,1.21,1.97208210249194,3.01338733567822,4.89935015356551,0.9466023549862,-27.610814495
Mexico,2022,1.62,3.68911109348025,2.67181718077609,7.8962761916855,0.753116988604166,-42.567958261
Morocco,1993,45.44,-0.740591700332374,1.55254686699352,5.18311396030801,1.58233207878875,-1.6082877453151905
Morocco,1997,17.31,-1.56070234550782,2.75709006484814,1.03819895051614,1.5002842238488,-1.1170232865381995
Morocco,2000,25.42,2.58218091499747,0.991581858750167,1.89463456763464,1.40392630100829,-2.0932205517984905
Morocco,2001,24.8,7.72182519577728,6.44412928365454,0.619801875297975,1.36697144784375,-1.1114153574612102
Morocco,2002,24.49,3.73019737485745,1.02035757811393,2.79561966936936,1.32213816814169,-1.1149137598584995
Morocco,2003,24.88,6.17110214953244,3.98561984754306,1.16773367477592,1.27031081599857,-1.7284146930536004
Morocco,2005,13.54,3.19224973015831,2.42635467647838,0.982641660015951,1.34347301576107,-3.951168994586401
Morocco,2006,10.82,7.7908200104027,3.24283497739456,3.28476166954811,1.35136550551358,-4.440744115629601
Morocco,2007,10.04,3.44106776690418,3.24999332315429,2.04208512673344,1.34058101398506,-7.420593636537399
Morocco,2008,8.85,5.68453936284732,2.42213508852786,3.71484311494064,1.33869604527126,-12.774727823057503
Morocco,2009,7.62,3.74576940136258,1.94782744330848,0.971862998667636,1.33260098178586,-10.926909415685898
Morocco,2010,13.01,3.49955709403216,1.22998245838351,0.993557401226392,1.35274286216317,-9.953278186706696
Morocco,2011,11.71,5.52464523319847,2.29046840496639,0.9069249096918,1.36305168989377,-14.0626234756277
Morocco,2012,4.11,3.06234368502997,2.65758712641507,1.28712240079219,1.3359712863904,-14.674780975466104
Morocco,2014,3.02,2.7192440802029,2.95925435484489,0.442310053557048,1.22723874148544,-13.690326430409904
Morocco,2015,3.42,4.34458297635238,2.94611108390154,1.5579071134626,1.17075639938741,-7.927842023525097
Morocco,2016,3.78,0.52118550608968,1.93000540251056,1.63531114327064,1.19450726277516,-10.739249607290496
Morocco,2017,3.86,5.05789816173446,2.26092196120538,0.754663249323619,1.20034336418867,-10.551433764556206
Morocco,2019,3.6,2.89097476137077,1.33479789567415,0.303386036590383,1.03022315933698,-10.049378708916802
Morocco,2020,3.61,-7.17820744246774,1.16907334587558,0.705968661338261,1.02565486360782,-8.812910271888901
Morocco,2021,4.23,8.15473889823681,1.59422321445366,1.40195883962006,1.00691847923959,-13.1249270443011
Netherlands,2000,2.41,4.21975373727024,15.1107005401962,2.36052233801948,0.714770362784392,15.778115213438996
Netherlands,2001,3.37,2.32357563856982,12.0218639579935,4.15584127195613,0.754840057734904,16.726905203509002
Netherlands,2002,2.45,0.245785859471141,5.35929233536402,3.28753104712771,0.638291666268526,17.519826436964998
Netherlands,2003,2.52,0.0978322478940328,3.51222378027642,2.09199838997655,0.471814398788212,35.87792400145904
Netherlands,2004,2.24,2.0163100164134,21.160832133529,1.2636473918318,0.347475412048658,47.230882636904965
Netherlands,2005,2.46,2.03396324858144,30.5011693880359,1.68813017869623,0.23366314793854,54.40667361954498
Netherlands,2006,2.3,3.53737521855268,50.9095810861306,1.10150106517702,0.160613668857538,58.26929177899097
Netherlands,2007,2.24,3.88530650838888,85.9785548363802,1.61385859802103,0.217521601194242,71.34050276740497
Netherlands,2008,1.72,2.11681586191865,20.4123384575226,2.48650198289454,0.389292461499527,77.90257095402404
Netherlands,2009,1.85,-3.66529044506595,23.1185529746285,1.1897768702155,0.514284544827762,71.167791952761
Netherlands,2010,2.13,1.31932023296244,6.25075617339038,1.27530569556683,0.512923100553586,72.67063125050494
Netherlands,2011,1.59,1.77334520657246,38.8132854366554,2.34107017751373,0.466428782200821,78.27324278106006
Netherlands,2012,1.46,-0.977877008513829,30.7005118317346,2.45554765291604,0.370055034770235,82.66291588402503
Netherlands,2013,1.49,-0.0302324516552943,35.1314671422811,2.50689852657885,0.294820793441482,89.18877372605895
Netherlands,2014,2.03,1.61261007449123,15.8698220389322,0.976035079699679,0.359828172726548,99.42782155426195
Netherlands,2015,2.02,2.12060522421717,48.5010592798915,0.600248147278776,0.443220089035769,59.69111474610303
Netherlands,2016,2.09,2.42428576536633,34.567786396249,0.316666666666743,0.532178879608489,86.40929240562109
Netherlands,2017,1.96,2.7815460987956,23.5201922487149,1.38145871407206,0.591203366164118,90.75797121617798
Netherlands,2018,1.83,2.25874039624952,-30.7775269483508,1.7034979474447,0.583933408920832,98.111339374917
Netherlands,2019,1.84,2.30009159476197,-13.6740358407126,2.63369910249601,0.65507157480522,92.57598354548
Netherlands,2020,1.48,-3.86795339323423,-23.7095109882189,1.27246037789161,0.55554079025497,95.75128997112904
Netherlands,2021,1.39,6.27683073230526,-10.9532599562774,2.67572008805385,0.523490508168757,102.68323442878796
Netherlands,2022,1.33,5.00723459045037,1.48704290039353,10.0012078753473,0.953278922854537,91.87194006870604
Niger,2001,13.66,7.26813490213235,0.922420853977935,4.00551428352678,3.50878624306039,-0.149373763744405
Niger,2002,12.81,4.91847057594622,0.281340736477619,2.62886597938136,3.53148102432579,-0.194338229185695
Niger,2003,12.67,2.1706103837418,0.545924466653103,-1.61440769175596,3.5622769230714,-0.2664609170968189
Niger,2004,11.69,0.363801578722132,0.649159742962507,0.262543757292838,3.59824904350361,-0.322425066254255
Niger,2005,11.99,7.33186884258517,1.13506754317923,7.7974978178644,3.62970414217364,-0.4838880102685869
Niger,2006,9.58,5.93104997350342,0.847497530197073,0.0404858299595074,3.65709371425878,-0.4787284315354601
Niger,2007,9.41,3.14272408386731,1.72858641411291,0.0539592607581562,3.68110827846052,-0.5367987880542249
Niger,2008,9.41,7.73141422777337,3.87903143663185,11.3051098827019,3.70203244818704,-0.91117256109323
Niger,2009,9.41,1.96260090694645,8.62089060209857,0.582906590801122,3.71708044318123,-1.4378682891108898
Niger,2010,10.31,8.57816674262253,10.146689915564,0.804073080882659,3.72535077368531,-1.53869811783903
Niger,2011,9.7,2.35775693603874,12.1645061403036,2.9423851401332,3.72138303234104,-1.72532916941583
Niger,2012,9.56,10.5489445763446,8.92367913404554,0.455089820359289,3.77324639644684,-1.2149439019364598
Niger,2013,10.21,5.31513063394726,7.03516563238376,2.29723114955317,3.75837207594511,-1.2613716834625102
Niger,2014,9.28,6.64213665495603,7.57591181433668,-0.930287259984466,3.6892808045974,-1.50444814700288
Niger,2015,8.07,4.39264883207291,5.46761764113717,-0.576090369833189,3.69640590007582,-1.63015176000179
Niger,2016,8.21,5.74089315058157,2.89774478323805,1.65388922387806,3.67426137513091,-1.29675995378187
Niger,2017,11.92,5.00536078615544,3.02823024727599,2.79637318871284,3.56007044831691,-1.50522228600695
Niger,2018,11.02,7.21141802762897,3.63037399478134,2.96760366004456,3.45088050525461,-1.9185466463735803
Niger,2019,9.27,5.93985257123522,5.56378872795104,-2.48979265070855,3.36654855482346,-2.00836310212479
Niger,2020,8.06,3.55064109436891,2.62395545283651,2.8981937602627,3.29977391625444,-2.20429049708743
Niger,2021,8.46,1.38359636198477,3.98812628006034,3.8378680284051,3.25425239869281,-2.5398234280113
Niger,2022,8.36,11.9000000000277,6.25880834283466,4.22621791916392,3.25170642220024,-2.81758285671977
Nigeria,1988,23.8,7.3340254875872,0.762696401992634,54.5112247797671,2.67440624256127,2.07980368675106
Nigeria,1989,24.69,1.91938129589542,4.2820878623584,50.4666881235916,2.69210483580786,3.35531421021938
Nigeria,1990,24.83,11.7768859342069,1.08795098954185,7.36440030557692,2.70288804324942,7.64162202326491
Nigeria,1992,25.32,4.63119294607692,1.7223830155852,44.588842715023,2.62528760714312,3.8532468688139097
Nigeria,1995,91.27,-0.0726647639378797,0.238321527429399,72.8355022972637,2.63662927453146,-0.1552132901033997
Nigeria,1996,16.06,4.19592404660108,0.268818270165381,29.2682926829271,2.61429682326517,1.7497275678047806
Nigeria,1997,16.21,2.93709941924899,0.233794418819082,8.52987421383639,2.60308705392213,0.5431322960865307
Nigeria,1998,16.21,2.58125410192935,0.137154046877584,9.99637812386801,2.61337639810203,-1.00365273485157
Nigeria,1999,19.77,0.584126892918917,1.69906893526276,6.61837339479756,2.63592921799734,1.792044670618101
Nigeria,2000,19.99,5.01593475931159,1.64832098964767,6.93329215565161,2.67439784501828,8.9479323613861
Nigeria,2001,21.47,5.91768464920368,1.6186155582434,18.8736462093862,2.7163954653619,3.9088403663538
Nigeria,2002,18.45,15.3291557409559,1.97158413526787,12.8765792031099,2.74147056608815,2.3399897120671005
Nigeria,2003,20.62,7.34719496799485,1.91462056992192,14.0317836131437,2.75673506428828,5.5822370510984
Nigeria,2005,9.34,6.43851652538319,2.83629405374323,17.8634933661605,2.76883385211034,24.3674716052644
Nigeria,2006,9.4,6.05942803202912,2.03575267319874,8.22522152017048,2.76124698861505,23.321457682890497
Nigeria,2008,9.79,6.7644727778017,2.41373918254011,11.5810751748252,2.78453384410814,23.8075456740701
Nigeria,2009,9.83,8.03692510099067,2.90024873175984,12.5378277304689,2.78730820935027,8.910395195099206
Nigeria,2010,10.7,8.00565591628646,1.64207369186652,13.7400521363694,2.795149361277,11.846267187136888
Nigeria,2011,10.15,5.30792420289512,2.133117701613,10.8261371880017,2.80278519998649,11.643852019121598
Nigeria,2013,10.07,6.67133539306172,1.06953936497778,8.49551838265678,2.71468991073627,22.765054981788804
Nigeria,2014,11.34,6.30971865525467,0.817478467870197,8.04741087967907,2.64221399374699,-1.860415123573807
Nigeria,2015,8.22,2.65269329543003,0.621501637000126,9.00943498007699,2.53617348598208,-22.89967671332649
Nigeria,2016,8.52,-1.61686894906529,0.853395742751916,15.6968126387972,2.47183239057048,-8.550719263651596
Nigeria,2020,12.37,-1.79425308274458,0.55189350883869,13.2460234276597,2.13029714344341,-32.2412640941181
Nigeria,2021,12.2,3.64718654072446,0.751578312174957,16.9528457221608,2.09618685225463,-16.6222430793583
Nigeria,2022,9.34,3.25168140827093,-0.0391267487603444,18.8471877843274,2.09281687128387,-7.958107284315994
Portugal,2000,2.41,3.81617756423182,6.14861920837231,2.85303039287157,0.702859953319024,-12.925446913020805
Portugal,2001,3.37,1.94367215368429,5.02761444190449,4.36990330551793,0.705230637323876,-12.213665574299196
Portugal,2002,2.45,0.770924879289495,0.436137292252841,3.60034658290914,0.547667939660689,-10.8221135639598
Portugal,2003,2.52,-0.930521086276485,6.26697257909762,3.21899090682895,0.375411414855816,-10.543999778336808
Portugal,2004,2.24,1.78873565956201,1.312247289237,2.36536204097302,0.239128989611917,-14.711504498809502
Portugal,2005,2.46,0.781847757598996,1.70741232717781,2.27716394887834,0.185532266654625,-16.838210059197
Portugal,2006,2.3,1.62503463813644,6.41633004152,3.1076654587105,0.18033244147767,-16.188703378796294
Portugal,2007,2.24,2.50657971505967,2.50093088549298,2.45396528138743,0.196304384487306,-17.633002345878403
Portugal,2008,1.72,0.319247162435317,2.96892594201258,2.58850657657959,0.144191279853498,-24.353825764492903
Portugal,2009,1.85,-3.12207812290546,2.35133912553896,-0.835530021504157,0.0953308592370666,-16.49134918399899
Portugal,2010,2.13,1.73762451045437,3.77376819569615,1.40257289895369,0.0459100367184907,-17.497018561760406
Portugal,2011,1.59,-1.71352750320345,4.23648756430893,3.65301100430724,-0.147084878575482,-9.0513887754261
Portugal,2012,1.46,-4.05090261868355,7.21535195239501,2.77333854051586,-0.405421787747567,-0.0379971963399963
Portugal,2013,1.49,-0.984106758103536,6.43654323197598,0.274416666666663,-0.548815210952228,3.940552223354599
Portugal,2014,2.03,0.741391470583679,5.43851031792652,-0.278153367467428,-0.539190466792077,2.042224369864395
Portugal,2015,2.02,1.58979828893855,0.63522205292535,0.48793862390472,-0.414141101993213,2.950694024962799
Portugal,2016,2.09,2.00414109360487,3.562829928033,0.607397074641719,-0.315459016997883,3.622527777892395
Portugal,2017,1.96,3.31472078233416,5.02041551787587,1.36861411643472,-0.243889410358812,3.513475514587097
Portugal,2018,1.83,2.94628241620853,3.46584287446499,0.993715683468326,-0.160104021146769,2.5104547927379914
Portugal,2019,1.84,2.74568471619554,4.5038935303436,0.338178410046034,0.0237334946497115,2.1692532738099977
Portugal,2020,1.48,-8.20463206255478,1.8141455418251,-0.0124383299575305,0.10511412524675,-4.102390591382004
Portugal,2021,1.39,5.55875752305435,3.60836004516304,1.26565719069044,0.626850165433157,-6.384450195526001
Portugal,2022,1.33,6.98584193827881,4.99366083705917,7.83269124233323,0.697256448023043,-5.24001455330101
Saudi Arabia,1994,10.72,0.952955921553553,0.258430621127419,0.564325478533144,4.27991376620104,6.234533333333404
Saudi Arabia,1999,11.5,-0.63340123682255,-0.481664272911208,-1.33376350229422,3.61877543912069,11.54856
Saudi Arabia,2000,12.48,4.71817952910665,-0.992569099216106,-1.12499477854774,4.45983244526442,29.3274666666667
Saudi Arabia,2001,11.12,0.344583362943069,0.0106659367777141,-1.12094477457175,5.20103909905512,25.092746133333296
Saudi Arabia,2002,6.53,-0.688407962710954,-0.323899963714203,0.24718651429923,4.97645227766539,28.0372
Saudi Arabia,2003,7.28,8.76875651851432,-0.271772775519938,0.612194395125212,4.77427146298185,44.23176
Saudi Arabia,2004,7.01,8.63097688883705,-0.129209725410009,0.515506766998081,4.59154568390222,65.10325333333299
Saudi Arabia,2005,4.05,5.94489403534072,1.33515850333851,0.479230397826084,4.42738945238289,104.32512
Saudi Arabia,2006,4.12,3.31351693671738,1.58553602335569,2.20902407871182,4.28087578648729,111.862286596899
Saudi Arabia,2007,3.77,2.21361714815569,1.4845788453021,4.16782330119979,4.14945109151013,103.968941035677
Saudi Arabia,2008,3.25,6.23802004687759,1.05925699592349,9.87024791275994,4.02875655811595,146.16904165333398
Saudi Arabia,2009,3.13,-1.0667099999425,0.10169038708409,5.05722314693633,3.91489465968371,39.98759826666699
Saudi Arabia,2011,4.16,10.9937616764876,0.692228186347883,5.82621608838862,4.53867163626294,178.24690673333302
Saudi Arabia,2012,3.57,5.40891607761418,0.67871695840154,2.86626887489915,4.20264227505544,184.21330292549
Saudi Arabia,2013,3.57,2.53477827137303,0.447216748826211,3.53252470694918,5.41149124124804,157.75035229019602
Saudi Arabia,2014,3.39,3.81142279142699,0.196849926790283,2.23629031536978,2.45043139330282,95.96624448325
Saudi Arabia,2015,4.45,4.5090590631757,0.593089977213509,1.20607322150109,5.18685551856216,-29.29685741106601
Saudi Arabia,2017,4.85,0.911048655580274,0.14182798116075,-0.838194579675018,0.0747825622238132,38.49434220248999
Saudi Arabia,2020,4.23,-3.58153486307663,0.220799099220468,3.44545825956692,4.833138517103,0.6642771870360108
Saudi Arabia,2022,5.4,7.48598429134137,2.40941273850816,2.4740737192537,4.41891994509507,187.510587878025
South Africa,1988,13.39,4.20010964838187,0.152377367726155,12.779553083028,3.04602665260698,5.977051773054702
South Africa,1990,10.5,-0.317760426540374,-0.0600742002495874,14.3209918914915,2.78138037228425,6.143184713591301
South Africa,1991,11.32,-1.0182449675445,0.187963513611019,15.3347785733672,2.28466181858316,5.123806430029602
South Africa,1993,13.45,1.23355793864741,0.0076704815968297,9.71742729803028,1.99129597975592,6.102068027558998
South Africa,1996,8.27,4.29999999726792,0.500131495666207,7.35411972085333,1.29699420436442,2.192238677626198
South Africa,1997,5.99,2.60000000146347,2.25505250994968,8.59777611252274,1.19798957270412,1.7102070303046952
South Africa,1999,5.47,2.39999999746338,0.992187596290559,5.18148905111697,1.08969778624124,3.459740002116497
South Africa,2000,5.27,4.20000000067826,0.638427514423677,5.33895913599828,0.914659168313889,3.920384073990704
South Africa,2001,5.1,2.70000000019104,5.36834529785161,5.70189483049608,0.859492168208101,4.867804949983597
South Africa,2002,4.95,3.70037440406668,1.14635726911695,9.494713780996,0.947036940076663,4.362352875099305
South Africa,2003,5.15,2.94907546754213,0.397492744432543,5.67942414068799,0.996556488051653,4.046566618606598
South Africa,2004,5.29,4.55455990721774,0.274199790569949,-0.692039437857687,1.00742279739678,-0.4103684086520004
South Africa,2005,5.64,5.27705197295467,2.25781874505445,2.06285308223427,1.01260946155511,-0.6333419034516068
South Africa,2006,5.29,5.60380645895889,0.205125538574008,3.2439076541923,1.02172490694402,-4.634129812536102
South Africa,2007,4.81,5.36047405394162,1.97755772219349,6.17781214809388,1.05506511201209,-3.999046294358002
South Africa,2008,3.9,3.1910438863288,3.12686614310453,9.90998456005467,1.15309551684298,-4.930518851962997
South Africa,2009,4.32,-1.53808913525583,2.31217470344994,7.23809523809527,1.19390450655684,1.5209401474380035
South Africa,2010,4.59,3.03973288127956,0.884904611686012,4.06749555950263,1.1829095702162,4.979510585479996
South Africa,2011,4.39,3.16855627858818,0.903381424332558,5.0008533879502,1.23631458705301,3.577039872352997
South Africa,2012,4.22,2.39623238465745,1.06492249485696,5.73797139141739,1.47479434391075,-5.6245485383579865
South Africa,2013,4.15,2.48546800826588,2.05358095229684,5.78016910069176,1.65265199501405,-8.513750950044999
South Africa,2014,3.87,1.41382645223793,1.5193274375398,6.13282953059149,1.66144540694123,-5.763323054593003
South Africa,2015,4.38,1.32186223678229,0.438735792056359,4.51869094892506,2.00988840160514,-4.45630564043489
South Africa,2016,4.51,0.664552307858116,0.684612553455795,6.60290842394872,0.940521897823675,1.533892059153305
South Africa,2017,4.61,1.15794695181735,0.539673956759456,5.18618655524149,0.653837462693277,4.3490832200383
South Africa,2018,4.32,1.55678384721676,1.37429117153459,4.50987264867388,1.68236992028419,1.9864050305440064
South Africa,2019,5.37,0.25993557687633,1.31407752293306,4.10285075461156,1.64957495527878,1.9388629497389984
South Africa,2020,4.4,-6.1689177146757,0.933073684352394,3.23238831615113,1.62216431400652,15.079234261203796
South Africa,2021,4.46,4.95503259440756,9.66026533638012,4.61874544887136,1.54055743832642,26.208373539778
South Africa,2022,4.66,1.91147996033504,2.27046857469366,7.03987272546482,1.41397227960081,8.341479611218993
Spain,2000,2.41,5.20064118585728,6.77304093540067,3.43351563418767,0.447137014535835,-17.728761019100006
Spain,2001,3.37,3.91908879065753,4.60488653495273,3.58983413338112,0.694068084334464,-14.355610084817016
Spain,2002,2.45,2.75545615332646,5.55192357268812,3.06565685902219,1.41259540475782,-14.086742975864013
Spain,2003,2.52,2.93928966368206,3.38614000138608,3.03888839396655,1.80845446818345,-20.112221933152007
Spain,2004,2.24,3.11453145202378,2.36188994839376,3.03924881090925,1.7254663034483,-39.83470443134903
Spain,2005,2.46,3.55122551537241,2.33900873041994,3.36881409750383,1.68934904712031,-55.41195033116901
Spain,2006,2.3,4.04343520720857,2.60949621668351,3.51557576832128,1.69035255626114,-71.68693144470501
Spain,2007,2.24,3.53350012191149,4.62027011576258,2.78679745804946,1.85108130845179,-85.469864050099
Spain,2008,1.72,0.76716577493147,4.5283253076988,4.07534335957339,1.59533049906372,-77.54480954906103
Spain,2009,1.85,-3.76813307179789,0.638105873359213,-0.28781308353524,0.88573598057307,-13.091854358818969
Spain,2010,2.13,0.0941223166682619,2.563698899873,1.79986457728769,0.460408305051304,-14.96225481630603
Spain,2011,1.59,-0.639920691287372,1.80375086205008,3.1961018883379,0.355338396471428,4.550159538778992
Spain,2012,1.46,-2.8651136729107,1.56638319794926,2.44612782366809,0.0649259625617232,26.980752077682983
Spain,2013,1.49,-1.4273221918188,3.4608559063245,1.40858109183019,-0.327669039579687,52.14221023329596
Spain,2014,2.03,1.52048592279819,2.31642230011086,-0.151114837527235,-0.298951059088036,41.98855571971002
Spain,2015,2.02,4.06086669718569,1.97131692755332,-0.500365709903242,-0.077588861590047,36.345292224328006
Spain,2016,2.09,2.91515602808174,3.61722479660389,-0.202598000426452,0.0844301500680736,49.52345099236096
Spain,2017,1.96,2.8960420808163,2.54039212306224,1.95607633363963,0.234587922968563,48.37692407610504
Spain,2018,1.83,2.39541120364247,4.46748509754483,1.6749813686379,0.437982993728698,39.102304064140014
Spain,2019,1.84,1.9611785315135,2.16052375036307,0.699518994458739,0.717715637103499,41.81364475005402
Spain,2020,1.48,-10.9400706591866,2.92165980781024,-0.322753017299739,0.488502131838585,19.65100268678699
Spain,2021,1.39,6.6831441850028,4.42272902452136,3.0931351197642,0.105799194264084,14.536626241775023
Spain,2022,1.33,6.17931222572963,4.52740675341745,8.39057634118627,0.72148100717686,12.150096824187989
Sudan,1996,3.66,5.9191237633176,0.0044354253890224,132.823777374139,2.24195302329294,-0.86927
Sudan,2002,17.02,6.0064715363132,3.93215499570306,22.2247241495905,2.46596917532427,-1.03073
Sudan,2006,10.19,6.5314117467792,4.06910716037147,7.19912990114709,2.30819636827177,-3.699976520170551
Sudan,2008,8.22,3.84674473121058,2.54980980762297,14.2971224481434,2.59050308685206,1.3268150894776
Sudan,2009,15.02,-2.76770436599138,3.3441756822644,11.256758706301,2.77210926299041,-2.047805936565151
Sudan,2010,12.9,3.85824195230107,3.50004539535845,12.9776663898014,2.41578933319134,0.2744608113376999
Sudan,2011,11.95,-3.21353209253371,3.15234852962884,18.0966171221351,2.0304098222439,-0.0013799770969009
Sudan,2012,12.12,-17.0046884048945,6.14212434699966,35.5590574147024,2.14168968629865,-5.106165772155101
Sudan,2013,12.14,1.95514463302422,3.92312074519106,36.5223449139154,2.30951835174238,-4.7099509862501305
Sudan,2017,14.01,0.70925628476644,2.58043876395005,32.3516260968437,3.46430091592296,-3.9352000236212303
Sudan,2020,0.0,-3.62980082410752,2.65193447042229,163.257782355458,2.6882512565735,-5.45415829772243
Sudan,2021,0.0,-1.8685204827207,1.52754029838982,359.093040778999,2.6941220236505,-3.6066809481627695
United Kingdom,2000,2.41,4.34163417914475,9.85451206947804,1.18295624210408,0.357300887421605,-19.77218073498401
United Kingdom,2001,3.37,2.57278038614078,3.3998059098334,1.53234960272418,0.384975969564228,-28.424683613551025
United Kingdom,2002,2.45,1.79566077025204,5.02654863681235,1.52040245947455,0.423337079636281,-42.325996544273984
United Kingdom,2003,2.52,3.15234653827419,1.7528640877232,1.37650038542013,0.465641113602993,-43.63784462619
United Kingdom,2004,2.24,2.45790441131264,3.59523929838674,1.39039756680422,0.568943113421317,-55.76400261143896
United Kingdom,2005,2.46,2.73266076130363,9.93454640049509,2.0891364902507,0.68661130607346,-54.36167906933301
United Kingdom,2006,2.3,2.38069402487066,7.51858312899467,2.4556616643929,0.73504867842129,-50.95793699104394
United Kingdom,2007,2.24,2.62488001971251,6.77930004470465,2.38656150773327,0.778666112441256,-59.999761250060914
United Kingdom,2008,1.72,-0.248797298132246,8.65204820165557,3.52140856342539,0.787032622318939,-52.184375242901
United Kingdom,2009,1.85,-4.6205537195686,0.602903980683404,1.96173173560109,0.756390859593407,-30.179304571757932
United Kingdom,2010,2.13,2.2333151263108,2.6849735901,2.49265472467065,0.783888646646516,-38.93453521898498
United Kingdom,2011,1.59,1.13836234744893,1.01403975166563,3.8561124468282,0.781506562236639,-21.21167360333496
United Kingdom,2012,1.46,1.50899837441014,1.72697599448212,2.5732347965453,0.695353132322269,-26.80559641560693
United Kingdom,2013,1.49,1.79992149362663,1.95605174026818,2.29166666666659,0.669740535540783,-39.79266633633996
United Kingdom,2014,2.03,3.1946373128021,1.92156774768545,1.45112016293279,0.736463978721671,-59.35737606441906
United Kingdom,2015,2.02,2.22288844908437,1.54832168533284,0.36804684232536,0.792367505802859,-44.424260097015015
United Kingdom,2016,2.09,1.92171007763831,12.0788528134648,1.0084173681141,0.757874492811929,-50.798842587031984
United Kingdom,2017,1.96,2.65650489309972,4.67730914435461,2.55775577557747,0.679374473924223,-35.92443155892896
United Kingdom,2018,1.83,1.40519026609273,-0.872604333652357,2.29283990345938,0.605929132212552,-39.57786119480493
United Kingdom,2019,1.84,1.62447515947532,0.694070007703284,1.73810460086513,0.564131113399897,-39.82963774404907
United Kingdom,2020,1.28,-10.2969188737567,5.82864205974736,0.989486703772491,0.365758263815142,13.84695946564502
United Kingdom,2021,0.72,8.5759509048565,0.160847823124997,2.51837109614213,-0.0819372405302065,-6.97606815318396
United Kingdom,2022,1.0,4.83908514714403,1.44178892281254,7.92204883147902,1.13444824466953,-58.86178973805993
